,dateTime,sleepStage,sleepStageNum
0,2023-04-21 01:48:00,wake,0
1,2023-04-21 01:48:10,wake,0
2,2023-04-21 01:48:20,wake,0
3,2023-04-21 01:48:30,wake,0
4,2023-04-21 01:48:40,wake,0
5,2023-04-21 01:48:50,wake,0
6,2023-04-21 01:49:00,wake,0
7,2023-04-21 01:49:10,wake,0
8,2023-04-21 01:49:20,wake,0
9,2023-04-21 01:49:30,wake,0
10,2023-04-21 01:49:40,wake,0
11,2023-04-21 01:49:50,wake,0
12,2023-04-21 01:50:00,wake,0
13,2023-04-21 01:50:10,wake,0
14,2023-04-21 01:50:20,wake,0
15,2023-04-21 01:50:30,wake,0
16,2023-04-21 01:50:40,wake,0
17,2023-04-21 01:50:50,wake,0
18,2023-04-21 01:51:00,wake,0
19,2023-04-21 01:51:10,wake,0
20,2023-04-21 01:51:20,wake,0
21,2023-04-21 01:51:30,wake,0
22,2023-04-21 01:51:40,wake,0
23,2023-04-21 01:51:50,wake,0
24,2023-04-21 01:52:00,wake,0
25,2023-04-21 01:52:10,wake,0
26,2023-04-21 01:52:20,wake,0
27,2023-04-21 01:52:30,wake,0
28,2023-04-21 01:52:40,wake,0
29,2023-04-21 01:52:50,wake,0
30,2023-04-21 01:53:00,wake,0
31,2023-04-21 01:53:10,wake,0
32,2023-04-21 01:53:20,wake,0
33,2023-04-21 01:53:30,wake,0
34,2023-04-21 01:53:40,wake,0
35,2023-04-21 01:53:50,wake,0
36,2023-04-21 01:54:00,wake,0
37,2023-04-21 01:54:10,wake,0
38,2023-04-21 01:54:20,wake,0
39,2023-04-21 01:54:30,wake,0
40,2023-04-21 01:54:40,wake,0
41,2023-04-21 01:54:50,wake,0
42,2023-04-21 01:55:00,light,2
43,2023-04-21 01:55:10,light,2
44,2023-04-21 01:55:20,light,2
45,2023-04-21 01:55:30,light,2
46,2023-04-21 01:55:40,light,2
47,2023-04-21 01:55:50,light,2
48,2023-04-21 01:56:00,light,2
49,2023-04-21 01:56:10,light,2
50,2023-04-21 01:56:20,light,2
51,2023-04-21 01:56:30,light,2
52,2023-04-21 01:56:40,light,2
53,2023-04-21 01:56:50,light,2
54,2023-04-21 01:57:00,light,2
55,2023-04-21 01:57:10,light,2
56,2023-04-21 01:57:20,light,2
57,2023-04-21 01:57:30,light,2
58,2023-04-21 01:57:40,light,2
59,2023-04-21 01:57:50,light,2
60,2023-04-21 01:58:00,light,2
61,2023-04-21 01:58:10,light,2
62,2023-04-21 01:58:20,light,2
63,2023-04-21 01:58:30,light,2
64,2023-04-21 01:58:40,light,2
65,2023-04-21 01:58:50,light,2
66,2023-04-21 01:59:00,light,2
67,2023-04-21 01:59:10,light,2
68,2023-04-21 01:59:20,light,2
69,2023-04-21 01:59:30,light,2
70,2023-04-21 01:59:40,light,2
71,2023-04-21 01:59:50,light,2
72,2023-04-21 02:00:00,light,2
73,2023-04-21 02:00:10,light,2
74,2023-04-21 02:00:20,light,2
75,2023-04-21 02:00:30,light,2
76,2023-04-21 02:00:40,light,2
77,2023-04-21 02:00:50,light,2
78,2023-04-21 02:01:00,light,2
79,2023-04-21 02:01:10,light,2
80,2023-04-21 02:01:20,light,2
81,2023-04-21 02:01:30,light,2
82,2023-04-21 02:01:40,light,2
83,2023-04-21 02:01:50,light,2
84,2023-04-21 02:02:00,light,2
85,2023-04-21 02:02:10,light,2
86,2023-04-21 02:02:20,light,2
87,2023-04-21 02:02:30,light,2
88,2023-04-21 02:02:40,light,2
89,2023-04-21 02:02:50,light,2
90,2023-04-21 02:03:00,light,2
91,2023-04-21 02:03:10,light,2
92,2023-04-21 02:03:20,light,2
93,2023-04-21 02:03:30,light,2
94,2023-04-21 02:03:40,light,2
95,2023-04-21 02:03:50,light,2
96,2023-04-21 02:04:00,light,2
97,2023-04-21 02:04:10,light,2
98,2023-04-21 02:04:20,light,2
99,2023-04-21 02:04:30,light,2
100,2023-04-21 02:04:40,light,2
101,2023-04-21 02:04:50,light,2
102,2023-04-21 02:05:00,light,2
103,2023-04-21 02:05:10,light,2
104,2023-04-21 02:05:20,light,2
105,2023-04-21 02:05:30,light,2
106,2023-04-21 02:05:40,light,2
107,2023-04-21 02:05:50,light,2
108,2023-04-21 02:06:00,light,2
109,2023-04-21 02:06:10,light,2
110,2023-04-21 02:06:20,light,2
111,2023-04-21 02:06:30,light,2
112,2023-04-21 02:06:40,light,2
113,2023-04-21 02:06:50,light,2
114,2023-04-21 02:07:00,light,2
115,2023-04-21 02:07:10,light,2
116,2023-04-21 02:07:20,light,2
117,2023-04-21 02:07:30,light,2
118,2023-04-21 02:07:40,light,2
119,2023-04-21 02:07:50,light,2
120,2023-04-21 02:08:00,light,2
121,2023-04-21 02:08:10,light,2
122,2023-04-21 02:08:20,light,2
123,2023-04-21 02:08:30,light,2
124,2023-04-21 02:08:40,light,2
125,2023-04-21 02:08:50,light,2
126,2023-04-21 02:09:00,light,2
127,2023-04-21 02:09:10,light,2
128,2023-04-21 02:09:20,light,2
129,2023-04-21 02:09:30,light,2
130,2023-04-21 02:09:40,light,2
131,2023-04-21 02:09:50,light,2
132,2023-04-21 02:10:00,light,2
133,2023-04-21 02:10:10,light,2
134,2023-04-21 02:10:20,light,2
135,2023-04-21 02:10:30,light,2
136,2023-04-21 02:10:40,light,2
137,2023-04-21 02:10:50,light,2
138,2023-04-21 02:11:00,light,2
139,2023-04-21 02:11:10,light,2
140,2023-04-21 02:11:20,light,2
141,2023-04-21 02:11:30,light,2
142,2023-04-21 02:11:40,light,2
143,2023-04-21 02:11:50,light,2
144,2023-04-21 02:12:00,light,2
145,2023-04-21 02:12:10,light,2
146,2023-04-21 02:12:20,light,2
147,2023-04-21 02:12:30,deep,3
148,2023-04-21 02:12:40,deep,3
149,2023-04-21 02:12:50,deep,3
150,2023-04-21 02:13:00,deep,3
151,2023-04-21 02:13:10,deep,3
152,2023-04-21 02:13:20,deep,3
153,2023-04-21 02:13:30,deep,3
154,2023-04-21 02:13:40,deep,3
155,2023-04-21 02:13:50,deep,3
156,2023-04-21 02:14:00,deep,3
157,2023-04-21 02:14:10,deep,3
158,2023-04-21 02:14:20,deep,3
159,2023-04-21 02:14:30,deep,3
160,2023-04-21 02:14:40,deep,3
161,2023-04-21 02:14:50,deep,3
162,2023-04-21 02:15:00,deep,3
163,2023-04-21 02:15:10,deep,3
164,2023-04-21 02:15:20,deep,3
165,2023-04-21 02:15:30,deep,3
166,2023-04-21 02:15:40,deep,3
167,2023-04-21 02:15:50,deep,3
168,2023-04-21 02:16:00,deep,3
169,2023-04-21 02:16:10,deep,3
170,2023-04-21 02:16:20,deep,3
171,2023-04-21 02:16:30,deep,3
172,2023-04-21 02:16:40,deep,3
173,2023-04-21 02:16:50,deep,3
174,2023-04-21 02:17:00,deep,3
175,2023-04-21 02:17:10,deep,3
176,2023-04-21 02:17:20,deep,3
177,2023-04-21 02:17:30,deep,3
178,2023-04-21 02:17:40,deep,3
179,2023-04-21 02:17:50,deep,3
180,2023-04-21 02:18:00,deep,3
181,2023-04-21 02:18:10,deep,3
182,2023-04-21 02:18:20,deep,3
183,2023-04-21 02:18:30,deep,3
184,2023-04-21 02:18:40,deep,3
185,2023-04-21 02:18:50,deep,3
186,2023-04-21 02:19:00,deep,3
187,2023-04-21 02:19:10,deep,3
188,2023-04-21 02:19:20,deep,3
189,2023-04-21 02:19:30,deep,3
190,2023-04-21 02:19:40,deep,3
191,2023-04-21 02:19:50,deep,3
192,2023-04-21 02:20:00,deep,3
193,2023-04-21 02:20:10,deep,3
194,2023-04-21 02:20:20,deep,3
195,2023-04-21 02:20:30,deep,3
196,2023-04-21 02:20:40,deep,3
197,2023-04-21 02:20:50,deep,3
198,2023-04-21 02:21:00,deep,3
199,2023-04-21 02:21:10,deep,3
200,2023-04-21 02:21:20,deep,3
201,2023-04-21 02:21:30,deep,3
202,2023-04-21 02:21:40,deep,3
203,2023-04-21 02:21:50,deep,3
204,2023-04-21 02:22:00,deep,3
205,2023-04-21 02:22:10,deep,3
206,2023-04-21 02:22:20,deep,3
207,2023-04-21 02:22:30,deep,3
208,2023-04-21 02:22:40,deep,3
209,2023-04-21 02:22:50,deep,3
210,2023-04-21 02:23:00,deep,3
211,2023-04-21 02:23:10,deep,3
212,2023-04-21 02:23:20,deep,3
213,2023-04-21 02:23:30,deep,3
214,2023-04-21 02:23:40,deep,3
215,2023-04-21 02:23:50,deep,3
216,2023-04-21 02:24:00,deep,3
217,2023-04-21 02:24:10,deep,3
218,2023-04-21 02:24:20,deep,3
219,2023-04-21 02:24:30,deep,3
220,2023-04-21 02:24:40,deep,3
221,2023-04-21 02:24:50,deep,3
222,2023-04-21 02:25:00,deep,3
223,2023-04-21 02:25:10,deep,3
224,2023-04-21 02:25:20,deep,3
225,2023-04-21 02:25:30,light,2
226,2023-04-21 02:25:40,light,2
227,2023-04-21 02:25:50,light,2
228,2023-04-21 02:26:00,light,2
229,2023-04-21 02:26:10,light,2
230,2023-04-21 02:26:20,light,2
231,2023-04-21 02:26:30,light,2
232,2023-04-21 02:26:40,light,2
233,2023-04-21 02:26:50,light,2
234,2023-04-21 02:27:00,light,2
235,2023-04-21 02:27:10,light,2
236,2023-04-21 02:27:20,light,2
237,2023-04-21 02:27:30,light,2
238,2023-04-21 02:27:40,light,2
239,2023-04-21 02:27:50,light,2
240,2023-04-21 02:28:00,light,2
241,2023-04-21 02:28:10,light,2
242,2023-04-21 02:28:20,light,2
243,2023-04-21 02:28:30,light,2
244,2023-04-21 02:28:40,light,2
245,2023-04-21 02:28:50,light,2
246,2023-04-21 02:29:00,light,2
247,2023-04-21 02:29:10,light,2
248,2023-04-21 02:29:20,light,2
249,2023-04-21 02:29:30,light,2
250,2023-04-21 02:29:40,light,2
251,2023-04-21 02:29:50,light,2
252,2023-04-21 02:30:00,light,2
253,2023-04-21 02:30:10,light,2
254,2023-04-21 02:30:20,light,2
255,2023-04-21 02:30:30,light,2
256,2023-04-21 02:30:40,light,2
257,2023-04-21 02:30:50,light,2
258,2023-04-21 02:31:00,light,2
259,2023-04-21 02:31:10,light,2
260,2023-04-21 02:31:20,light,2
261,2023-04-21 02:31:30,light,2
262,2023-04-21 02:31:40,light,2
263,2023-04-21 02:31:50,light,2
264,2023-04-21 02:32:00,light,2
265,2023-04-21 02:32:10,light,2
266,2023-04-21 02:32:20,light,2
267,2023-04-21 02:32:30,light,2
268,2023-04-21 02:32:40,light,2
269,2023-04-21 02:32:50,light,2
270,2023-04-21 02:33:00,light,2
271,2023-04-21 02:33:10,light,2
272,2023-04-21 02:33:20,light,2
273,2023-04-21 02:33:30,light,2
274,2023-04-21 02:33:40,light,2
275,2023-04-21 02:33:50,light,2
276,2023-04-21 02:34:00,light,2
277,2023-04-21 02:34:10,light,2
278,2023-04-21 02:34:20,light,2
279,2023-04-21 02:34:30,light,2
280,2023-04-21 02:34:40,light,2
281,2023-04-21 02:34:50,light,2
282,2023-04-21 02:35:00,light,2
283,2023-04-21 02:35:10,light,2
284,2023-04-21 02:35:20,light,2
285,2023-04-21 02:35:30,light,2
286,2023-04-21 02:35:40,light,2
287,2023-04-21 02:35:50,light,2
288,2023-04-21 02:36:00,light,2
289,2023-04-21 02:36:10,light,2
290,2023-04-21 02:36:20,light,2
291,2023-04-21 02:36:30,light,2
292,2023-04-21 02:36:40,light,2
293,2023-04-21 02:36:50,light,2
294,2023-04-21 02:37:00,light,2
295,2023-04-21 02:37:10,light,2
296,2023-04-21 02:37:20,light,2
297,2023-04-21 02:37:30,light,2
298,2023-04-21 02:37:40,light,2
299,2023-04-21 02:37:50,light,2
300,2023-04-21 02:38:00,light,2
301,2023-04-21 02:38:10,light,2
302,2023-04-21 02:38:20,light,2
303,2023-04-21 02:38:30,light,2
304,2023-04-21 02:38:40,light,2
305,2023-04-21 02:38:50,light,2
306,2023-04-21 02:39:00,light,2
307,2023-04-21 02:39:10,light,2
308,2023-04-21 02:39:20,light,2
309,2023-04-21 02:39:30,light,2
310,2023-04-21 02:39:40,light,2
311,2023-04-21 02:39:50,light,2
312,2023-04-21 02:40:00,light,2
313,2023-04-21 02:40:10,light,2
314,2023-04-21 02:40:20,light,2
315,2023-04-21 02:40:30,light,2
316,2023-04-21 02:40:40,light,2
317,2023-04-21 02:40:50,light,2
318,2023-04-21 02:41:00,light,2
319,2023-04-21 02:41:10,light,2
320,2023-04-21 02:41:20,light,2
321,2023-04-21 02:41:30,light,2
322,2023-04-21 02:41:40,light,2
323,2023-04-21 02:41:50,light,2
324,2023-04-21 02:42:00,light,2
325,2023-04-21 02:42:10,light,2
326,2023-04-21 02:42:20,light,2
327,2023-04-21 02:42:30,light,2
328,2023-04-21 02:42:40,light,2
329,2023-04-21 02:42:50,light,2
330,2023-04-21 02:43:00,light,2
331,2023-04-21 02:43:10,light,2
332,2023-04-21 02:43:20,light,2
333,2023-04-21 02:43:30,light,2
334,2023-04-21 02:43:40,light,2
335,2023-04-21 02:43:50,light,2
336,2023-04-21 02:44:00,light,2
337,2023-04-21 02:44:10,light,2
338,2023-04-21 02:44:20,light,2
339,2023-04-21 02:44:30,light,2
340,2023-04-21 02:44:40,light,2
341,2023-04-21 02:44:50,light,2
342,2023-04-21 02:45:00,light,2
343,2023-04-21 02:45:10,light,2
344,2023-04-21 02:45:20,light,2
345,2023-04-21 02:45:30,light,2
346,2023-04-21 02:45:40,light,2
347,2023-04-21 02:45:50,light,2
348,2023-04-21 02:46:00,light,2
349,2023-04-21 02:46:10,light,2
350,2023-04-21 02:46:20,light,2
351,2023-04-21 02:46:30,light,2
352,2023-04-21 02:46:40,light,2
353,2023-04-21 02:46:50,light,2
354,2023-04-21 02:47:00,light,2
355,2023-04-21 02:47:10,light,2
356,2023-04-21 02:47:20,light,2
357,2023-04-21 02:47:30,light,2
358,2023-04-21 02:47:40,light,2
359,2023-04-21 02:47:50,light,2
360,2023-04-21 02:48:00,light,2
361,2023-04-21 02:48:10,light,2
362,2023-04-21 02:48:20,light,2
363,2023-04-21 02:48:30,light,2
364,2023-04-21 02:48:40,light,2
365,2023-04-21 02:48:50,light,2
366,2023-04-21 02:49:00,light,2
367,2023-04-21 02:49:10,light,2
368,2023-04-21 02:49:20,light,2
369,2023-04-21 02:49:30,light,2
370,2023-04-21 02:49:40,light,2
371,2023-04-21 02:49:50,light,2
372,2023-04-21 02:50:00,light,2
373,2023-04-21 02:50:10,light,2
374,2023-04-21 02:50:20,light,2
375,2023-04-21 02:50:30,light,2
376,2023-04-21 02:50:40,light,2
377,2023-04-21 02:50:50,light,2
378,2023-04-21 02:51:00,light,2
379,2023-04-21 02:51:10,light,2
380,2023-04-21 02:51:20,light,2
381,2023-04-21 02:51:30,light,2
382,2023-04-21 02:51:40,light,2
383,2023-04-21 02:51:50,light,2
384,2023-04-21 02:52:00,light,2
385,2023-04-21 02:52:10,light,2
386,2023-04-21 02:52:20,light,2
387,2023-04-21 02:52:30,light,2
388,2023-04-21 02:52:40,light,2
389,2023-04-21 02:52:50,light,2
390,2023-04-21 02:53:00,light,2
391,2023-04-21 02:53:10,light,2
392,2023-04-21 02:53:20,light,2
393,2023-04-21 02:53:30,light,2
394,2023-04-21 02:53:40,light,2
395,2023-04-21 02:53:50,light,2
396,2023-04-21 02:54:00,light,2
397,2023-04-21 02:54:10,light,2
398,2023-04-21 02:54:20,light,2
399,2023-04-21 02:54:30,rem,1
400,2023-04-21 02:54:40,rem,1
401,2023-04-21 02:54:50,rem,1
402,2023-04-21 02:55:00,rem,1
403,2023-04-21 02:55:10,rem,1
404,2023-04-21 02:55:20,rem,1
405,2023-04-21 02:55:30,rem,1
406,2023-04-21 02:55:40,rem,1
407,2023-04-21 02:55:50,rem,1
408,2023-04-21 02:56:00,rem,1
409,2023-04-21 02:56:10,rem,1
410,2023-04-21 02:56:20,rem,1
411,2023-04-21 02:56:30,rem,1
412,2023-04-21 02:56:40,rem,1
413,2023-04-21 02:56:50,rem,1
414,2023-04-21 02:57:00,rem,1
415,2023-04-21 02:57:10,rem,1
416,2023-04-21 02:57:20,rem,1
417,2023-04-21 02:57:30,rem,1
418,2023-04-21 02:57:40,rem,1
419,2023-04-21 02:57:50,rem,1
420,2023-04-21 02:58:00,rem,1
421,2023-04-21 02:58:10,rem,1
422,2023-04-21 02:58:20,rem,1
423,2023-04-21 02:58:30,rem,1
424,2023-04-21 02:58:40,rem,1
425,2023-04-21 02:58:50,rem,1
426,2023-04-21 02:59:00,rem,1
427,2023-04-21 02:59:10,rem,1
428,2023-04-21 02:59:20,rem,1
429,2023-04-21 02:59:30,rem,1
430,2023-04-21 02:59:40,rem,1
431,2023-04-21 02:59:50,rem,1
432,2023-04-21 03:00:00,rem,1
433,2023-04-21 03:00:10,rem,1
434,2023-04-21 03:00:20,rem,1
435,2023-04-21 03:00:30,rem,1
436,2023-04-21 03:00:40,rem,1
437,2023-04-21 03:00:50,rem,1
438,2023-04-21 03:01:00,light,2
439,2023-04-21 03:01:10,light,2
440,2023-04-21 03:01:20,light,2
441,2023-04-21 03:01:30,light,2
442,2023-04-21 03:01:40,light,2
443,2023-04-21 03:01:50,light,2
444,2023-04-21 03:02:00,light,2
445,2023-04-21 03:02:10,light,2
446,2023-04-21 03:02:20,light,2
447,2023-04-21 03:02:30,light,2
448,2023-04-21 03:02:40,light,2
449,2023-04-21 03:02:50,light,2
450,2023-04-21 03:03:00,light,2
451,2023-04-21 03:03:10,light,2
452,2023-04-21 03:03:20,light,2
453,2023-04-21 03:03:30,light,2
454,2023-04-21 03:03:40,light,2
455,2023-04-21 03:03:50,light,2
456,2023-04-21 03:04:00,light,2
457,2023-04-21 03:04:10,light,2
458,2023-04-21 03:04:20,light,2
459,2023-04-21 03:04:30,light,2
460,2023-04-21 03:04:40,light,2
461,2023-04-21 03:04:50,light,2
462,2023-04-21 03:05:00,light,2
463,2023-04-21 03:05:10,light,2
464,2023-04-21 03:05:20,light,2
465,2023-04-21 03:05:30,light,2
466,2023-04-21 03:05:40,light,2
467,2023-04-21 03:05:50,light,2
468,2023-04-21 03:06:00,light,2
469,2023-04-21 03:06:10,light,2
470,2023-04-21 03:06:20,light,2
471,2023-04-21 03:06:30,light,2
472,2023-04-21 03:06:40,light,2
473,2023-04-21 03:06:50,light,2
474,2023-04-21 03:07:00,light,2
475,2023-04-21 03:07:10,light,2
476,2023-04-21 03:07:20,light,2
477,2023-04-21 03:07:30,light,2
478,2023-04-21 03:07:40,light,2
479,2023-04-21 03:07:50,light,2
480,2023-04-21 03:08:00,light,2
481,2023-04-21 03:08:10,light,2
482,2023-04-21 03:08:20,light,2
483,2023-04-21 03:08:30,light,2
484,2023-04-21 03:08:40,light,2
485,2023-04-21 03:08:50,light,2
486,2023-04-21 03:09:00,light,2
487,2023-04-21 03:09:10,light,2
488,2023-04-21 03:09:20,light,2
489,2023-04-21 03:09:30,light,2
490,2023-04-21 03:09:40,light,2
491,2023-04-21 03:09:50,light,2
492,2023-04-21 03:10:00,light,2
493,2023-04-21 03:10:10,light,2
494,2023-04-21 03:10:20,light,2
495,2023-04-21 03:10:30,light,2
496,2023-04-21 03:10:40,light,2
497,2023-04-21 03:10:50,light,2
498,2023-04-21 03:11:00,light,2
499,2023-04-21 03:11:10,light,2
500,2023-04-21 03:11:20,light,2
501,2023-04-21 03:11:30,light,2
502,2023-04-21 03:11:40,light,2
503,2023-04-21 03:11:50,light,2
504,2023-04-21 03:12:00,light,2
505,2023-04-21 03:12:10,light,2
506,2023-04-21 03:12:20,light,2
507,2023-04-21 03:12:30,deep,3
508,2023-04-21 03:12:40,deep,3
509,2023-04-21 03:12:50,deep,3
510,2023-04-21 03:13:00,deep,3
511,2023-04-21 03:13:10,deep,3
512,2023-04-21 03:13:20,deep,3
513,2023-04-21 03:13:30,deep,3
514,2023-04-21 03:13:40,deep,3
515,2023-04-21 03:13:50,deep,3
516,2023-04-21 03:14:00,deep,3
517,2023-04-21 03:14:10,deep,3
518,2023-04-21 03:14:20,deep,3
519,2023-04-21 03:14:30,deep,3
520,2023-04-21 03:14:40,deep,3
521,2023-04-21 03:14:50,deep,3
522,2023-04-21 03:15:00,deep,3
523,2023-04-21 03:15:10,deep,3
524,2023-04-21 03:15:20,deep,3
525,2023-04-21 03:15:30,deep,3
526,2023-04-21 03:15:40,deep,3
527,2023-04-21 03:15:50,deep,3
528,2023-04-21 03:16:00,deep,3
529,2023-04-21 03:16:10,deep,3
530,2023-04-21 03:16:20,deep,3
531,2023-04-21 03:16:30,deep,3
532,2023-04-21 03:16:40,deep,3
533,2023-04-21 03:16:50,deep,3
534,2023-04-21 03:17:00,deep,3
535,2023-04-21 03:17:10,deep,3
536,2023-04-21 03:17:20,deep,3
537,2023-04-21 03:17:30,deep,3
538,2023-04-21 03:17:40,deep,3
539,2023-04-21 03:17:50,deep,3
540,2023-04-21 03:18:00,deep,3
541,2023-04-21 03:18:10,deep,3
542,2023-04-21 03:18:20,deep,3
543,2023-04-21 03:18:30,deep,3
544,2023-04-21 03:18:40,deep,3
545,2023-04-21 03:18:50,deep,3
546,2023-04-21 03:19:00,deep,3
547,2023-04-21 03:19:10,deep,3
548,2023-04-21 03:19:20,deep,3
549,2023-04-21 03:19:30,deep,3
550,2023-04-21 03:19:40,deep,3
551,2023-04-21 03:19:50,deep,3
552,2023-04-21 03:20:00,deep,3
553,2023-04-21 03:20:10,deep,3
554,2023-04-21 03:20:20,deep,3
555,2023-04-21 03:20:30,deep,3
556,2023-04-21 03:20:40,deep,3
557,2023-04-21 03:20:50,deep,3
558,2023-04-21 03:21:00,deep,3
559,2023-04-21 03:21:10,deep,3
560,2023-04-21 03:21:20,deep,3
561,2023-04-21 03:21:30,deep,3
562,2023-04-21 03:21:40,deep,3
563,2023-04-21 03:21:50,deep,3
564,2023-04-21 03:22:00,deep,3
565,2023-04-21 03:22:10,deep,3
566,2023-04-21 03:22:20,deep,3
567,2023-04-21 03:22:30,deep,3
568,2023-04-21 03:22:40,deep,3
569,2023-04-21 03:22:50,deep,3
570,2023-04-21 03:23:00,deep,3
571,2023-04-21 03:23:10,deep,3
572,2023-04-21 03:23:20,deep,3
573,2023-04-21 03:23:30,deep,3
574,2023-04-21 03:23:40,deep,3
575,2023-04-21 03:23:50,deep,3
576,2023-04-21 03:24:00,deep,3
577,2023-04-21 03:24:10,deep,3
578,2023-04-21 03:24:20,deep,3
579,2023-04-21 03:24:30,deep,3
580,2023-04-21 03:24:40,deep,3
581,2023-04-21 03:24:50,deep,3
582,2023-04-21 03:25:00,deep,3
583,2023-04-21 03:25:10,deep,3
584,2023-04-21 03:25:20,deep,3
585,2023-04-21 03:25:30,deep,3
586,2023-04-21 03:25:40,deep,3
587,2023-04-21 03:25:50,deep,3
588,2023-04-21 03:26:00,deep,3
589,2023-04-21 03:26:10,deep,3
590,2023-04-21 03:26:20,deep,3
591,2023-04-21 03:26:30,deep,3
592,2023-04-21 03:26:40,deep,3
593,2023-04-21 03:26:50,deep,3
594,2023-04-21 03:27:00,deep,3
595,2023-04-21 03:27:10,deep,3
596,2023-04-21 03:27:20,deep,3
597,2023-04-21 03:27:30,deep,3
598,2023-04-21 03:27:40,deep,3
599,2023-04-21 03:27:50,deep,3
600,2023-04-21 03:28:00,deep,3
601,2023-04-21 03:28:10,deep,3
602,2023-04-21 03:28:20,deep,3
603,2023-04-21 03:28:30,deep,3
604,2023-04-21 03:28:40,deep,3
605,2023-04-21 03:28:50,deep,3
606,2023-04-21 03:29:00,deep,3
607,2023-04-21 03:29:10,deep,3
608,2023-04-21 03:29:20,deep,3
609,2023-04-21 03:29:30,deep,3
610,2023-04-21 03:29:40,deep,3
611,2023-04-21 03:29:50,deep,3
612,2023-04-21 03:30:00,deep,3
613,2023-04-21 03:30:10,deep,3
614,2023-04-21 03:30:20,deep,3
615,2023-04-21 03:30:30,deep,3
616,2023-04-21 03:30:40,deep,3
617,2023-04-21 03:30:50,deep,3
618,2023-04-21 03:31:00,deep,3
619,2023-04-21 03:31:10,deep,3
620,2023-04-21 03:31:20,deep,3
621,2023-04-21 03:31:30,deep,3
622,2023-04-21 03:31:40,deep,3
623,2023-04-21 03:31:50,deep,3
624,2023-04-21 03:32:00,deep,3
625,2023-04-21 03:32:10,deep,3
626,2023-04-21 03:32:20,deep,3
627,2023-04-21 03:32:30,deep,3
628,2023-04-21 03:32:40,deep,3
629,2023-04-21 03:32:50,deep,3
630,2023-04-21 03:33:00,deep,3
631,2023-04-21 03:33:10,deep,3
632,2023-04-21 03:33:20,deep,3
633,2023-04-21 03:33:30,deep,3
634,2023-04-21 03:33:40,deep,3
635,2023-04-21 03:33:50,deep,3
636,2023-04-21 03:34:00,deep,3
637,2023-04-21 03:34:10,deep,3
638,2023-04-21 03:34:20,deep,3
639,2023-04-21 03:34:30,deep,3
640,2023-04-21 03:34:40,deep,3
641,2023-04-21 03:34:50,deep,3
642,2023-04-21 03:35:00,deep,3
643,2023-04-21 03:35:10,deep,3
644,2023-04-21 03:35:20,deep,3
645,2023-04-21 03:35:30,deep,3
646,2023-04-21 03:35:40,deep,3
647,2023-04-21 03:35:50,deep,3
648,2023-04-21 03:36:00,deep,3
649,2023-04-21 03:36:10,deep,3
650,2023-04-21 03:36:20,deep,3
651,2023-04-21 03:36:30,deep,3
652,2023-04-21 03:36:40,deep,3
653,2023-04-21 03:36:50,deep,3
654,2023-04-21 03:37:00,deep,3
655,2023-04-21 03:37:10,deep,3
656,2023-04-21 03:37:20,deep,3
657,2023-04-21 03:37:30,deep,3
658,2023-04-21 03:37:40,deep,3
659,2023-04-21 03:37:50,deep,3
660,2023-04-21 03:38:00,deep,3
661,2023-04-21 03:38:10,deep,3
662,2023-04-21 03:38:20,deep,3
663,2023-04-21 03:38:30,deep,3
664,2023-04-21 03:38:40,deep,3
665,2023-04-21 03:38:50,deep,3
666,2023-04-21 03:39:00,deep,3
667,2023-04-21 03:39:10,deep,3
668,2023-04-21 03:39:20,deep,3
669,2023-04-21 03:39:30,deep,3
670,2023-04-21 03:39:40,deep,3
671,2023-04-21 03:39:50,deep,3
672,2023-04-21 03:40:00,deep,3
673,2023-04-21 03:40:10,deep,3
674,2023-04-21 03:40:20,deep,3
675,2023-04-21 03:40:30,deep,3
676,2023-04-21 03:40:40,deep,3
677,2023-04-21 03:40:50,deep,3
678,2023-04-21 03:41:00,deep,3
679,2023-04-21 03:41:10,deep,3
680,2023-04-21 03:41:20,deep,3
681,2023-04-21 03:41:30,deep,3
682,2023-04-21 03:41:40,deep,3
683,2023-04-21 03:41:50,deep,3
684,2023-04-21 03:42:00,deep,3
685,2023-04-21 03:42:10,deep,3
686,2023-04-21 03:42:20,deep,3
687,2023-04-21 03:42:30,deep,3
688,2023-04-21 03:42:40,deep,3
689,2023-04-21 03:42:50,deep,3
690,2023-04-21 03:43:00,deep,3
691,2023-04-21 03:43:10,deep,3
692,2023-04-21 03:43:20,deep,3
693,2023-04-21 03:43:30,deep,3
694,2023-04-21 03:43:40,deep,3
695,2023-04-21 03:43:50,deep,3
696,2023-04-21 03:44:00,deep,3
697,2023-04-21 03:44:10,deep,3
698,2023-04-21 03:44:20,deep,3
699,2023-04-21 03:44:30,deep,3
700,2023-04-21 03:44:40,deep,3
701,2023-04-21 03:44:50,deep,3
702,2023-04-21 03:45:00,deep,3
703,2023-04-21 03:45:10,deep,3
704,2023-04-21 03:45:20,deep,3
705,2023-04-21 03:45:30,deep,3
706,2023-04-21 03:45:40,deep,3
707,2023-04-21 03:45:50,deep,3
708,2023-04-21 03:46:00,deep,3
709,2023-04-21 03:46:10,deep,3
710,2023-04-21 03:46:20,deep,3
711,2023-04-21 03:46:30,deep,3
712,2023-04-21 03:46:40,deep,3
713,2023-04-21 03:46:50,deep,3
714,2023-04-21 03:47:00,deep,3
715,2023-04-21 03:47:10,deep,3
716,2023-04-21 03:47:20,deep,3
717,2023-04-21 03:47:30,deep,3
718,2023-04-21 03:47:40,deep,3
719,2023-04-21 03:47:50,deep,3
720,2023-04-21 03:48:00,deep,3
721,2023-04-21 03:48:10,deep,3
722,2023-04-21 03:48:20,deep,3
723,2023-04-21 03:48:30,deep,3
724,2023-04-21 03:48:40,deep,3
725,2023-04-21 03:48:50,deep,3
726,2023-04-21 03:49:00,deep,3
727,2023-04-21 03:49:10,deep,3
728,2023-04-21 03:49:20,deep,3
729,2023-04-21 03:49:30,deep,3
730,2023-04-21 03:49:40,deep,3
731,2023-04-21 03:49:50,deep,3
732,2023-04-21 03:50:00,deep,3
733,2023-04-21 03:50:10,deep,3
734,2023-04-21 03:50:20,deep,3
735,2023-04-21 03:50:30,deep,3
736,2023-04-21 03:50:40,deep,3
737,2023-04-21 03:50:50,deep,3
738,2023-04-21 03:51:00,deep,3
739,2023-04-21 03:51:10,deep,3
740,2023-04-21 03:51:20,deep,3
741,2023-04-21 03:51:30,deep,3
742,2023-04-21 03:51:40,deep,3
743,2023-04-21 03:51:50,deep,3
744,2023-04-21 03:52:00,deep,3
745,2023-04-21 03:52:10,deep,3
746,2023-04-21 03:52:20,deep,3
747,2023-04-21 03:52:30,deep,3
748,2023-04-21 03:52:40,deep,3
749,2023-04-21 03:52:50,deep,3
750,2023-04-21 03:53:00,deep,3
751,2023-04-21 03:53:10,deep,3
752,2023-04-21 03:53:20,deep,3
753,2023-04-21 03:53:30,deep,3
754,2023-04-21 03:53:40,deep,3
755,2023-04-21 03:53:50,deep,3
756,2023-04-21 03:54:00,deep,3
757,2023-04-21 03:54:10,deep,3
758,2023-04-21 03:54:20,deep,3
759,2023-04-21 03:54:30,deep,3
760,2023-04-21 03:54:40,deep,3
761,2023-04-21 03:54:50,deep,3
762,2023-04-21 03:55:00,deep,3
763,2023-04-21 03:55:10,deep,3
764,2023-04-21 03:55:20,deep,3
765,2023-04-21 03:55:30,deep,3
766,2023-04-21 03:55:40,deep,3
767,2023-04-21 03:55:50,deep,3
768,2023-04-21 03:56:00,deep,3
769,2023-04-21 03:56:10,deep,3
770,2023-04-21 03:56:20,deep,3
771,2023-04-21 03:56:30,deep,3
772,2023-04-21 03:56:40,deep,3
773,2023-04-21 03:56:50,deep,3
774,2023-04-21 03:57:00,deep,3
775,2023-04-21 03:57:10,deep,3
776,2023-04-21 03:57:20,deep,3
777,2023-04-21 03:57:30,deep,3
778,2023-04-21 03:57:40,deep,3
779,2023-04-21 03:57:50,deep,3
780,2023-04-21 03:58:00,deep,3
781,2023-04-21 03:58:10,deep,3
782,2023-04-21 03:58:20,deep,3
783,2023-04-21 03:58:30,deep,3
784,2023-04-21 03:58:40,deep,3
785,2023-04-21 03:58:50,deep,3
786,2023-04-21 03:59:00,deep,3
787,2023-04-21 03:59:10,deep,3
788,2023-04-21 03:59:20,deep,3
789,2023-04-21 03:59:30,deep,3
790,2023-04-21 03:59:40,deep,3
791,2023-04-21 03:59:50,deep,3
792,2023-04-21 04:00:00,deep,3
793,2023-04-21 04:00:10,deep,3
794,2023-04-21 04:00:20,deep,3
795,2023-04-21 04:00:30,deep,3
796,2023-04-21 04:00:40,deep,3
797,2023-04-21 04:00:50,deep,3
798,2023-04-21 04:01:00,deep,3
799,2023-04-21 04:01:10,deep,3
800,2023-04-21 04:01:20,deep,3
801,2023-04-21 04:01:30,deep,3
802,2023-04-21 04:01:40,deep,3
803,2023-04-21 04:01:50,deep,3
804,2023-04-21 04:02:00,deep,3
805,2023-04-21 04:02:10,deep,3
806,2023-04-21 04:02:20,deep,3
807,2023-04-21 04:02:30,deep,3
808,2023-04-21 04:02:40,deep,3
809,2023-04-21 04:02:50,deep,3
810,2023-04-21 04:03:00,deep,3
811,2023-04-21 04:03:10,deep,3
812,2023-04-21 04:03:20,deep,3
813,2023-04-21 04:03:30,deep,3
814,2023-04-21 04:03:40,deep,3
815,2023-04-21 04:03:50,deep,3
816,2023-04-21 04:04:00,deep,3
817,2023-04-21 04:04:10,deep,3
818,2023-04-21 04:04:20,deep,3
819,2023-04-21 04:04:30,wake,0
820,2023-04-21 04:04:40,wake,0
821,2023-04-21 04:04:50,wake,0
822,2023-04-21 04:05:00,wake,0
823,2023-04-21 04:05:10,wake,0
824,2023-04-21 04:05:20,wake,0
825,2023-04-21 04:05:30,wake,0
826,2023-04-21 04:05:40,wake,0
827,2023-04-21 04:05:50,wake,0
828,2023-04-21 04:06:00,wake,0
829,2023-04-21 04:06:10,wake,0
830,2023-04-21 04:06:20,wake,0
831,2023-04-21 04:06:30,wake,0
832,2023-04-21 04:06:40,wake,0
833,2023-04-21 04:06:50,wake,0
834,2023-04-21 04:07:00,wake,0
835,2023-04-21 04:07:10,wake,0
836,2023-04-21 04:07:20,wake,0
837,2023-04-21 04:07:30,wake,0
838,2023-04-21 04:07:40,wake,0
839,2023-04-21 04:07:50,wake,0
840,2023-04-21 04:08:00,wake,0
841,2023-04-21 04:08:10,wake,0
842,2023-04-21 04:08:20,wake,0
843,2023-04-21 04:08:30,wake,0
844,2023-04-21 04:08:40,wake,0
845,2023-04-21 04:08:50,wake,0
846,2023-04-21 04:09:00,wake,0
847,2023-04-21 04:09:10,wake,0
848,2023-04-21 04:09:20,wake,0
849,2023-04-21 04:09:30,wake,0
850,2023-04-21 04:09:40,wake,0
851,2023-04-21 04:09:50,wake,0
852,2023-04-21 04:10:00,light,2
853,2023-04-21 04:10:10,light,2
854,2023-04-21 04:10:20,light,2
855,2023-04-21 04:10:30,light,2
856,2023-04-21 04:10:40,light,2
857,2023-04-21 04:10:50,light,2
858,2023-04-21 04:11:00,light,2
859,2023-04-21 04:11:10,light,2
860,2023-04-21 04:11:20,light,2
861,2023-04-21 04:11:30,light,2
862,2023-04-21 04:11:40,light,2
863,2023-04-21 04:11:50,light,2
864,2023-04-21 04:12:00,light,2
865,2023-04-21 04:12:10,light,2
866,2023-04-21 04:12:20,light,2
867,2023-04-21 04:12:30,light,2
868,2023-04-21 04:12:40,light,2
869,2023-04-21 04:12:50,light,2
870,2023-04-21 04:13:00,light,2
871,2023-04-21 04:13:10,light,2
872,2023-04-21 04:13:20,light,2
873,2023-04-21 04:13:30,light,2
874,2023-04-21 04:13:40,light,2
875,2023-04-21 04:13:50,light,2
876,2023-04-21 04:14:00,light,2
877,2023-04-21 04:14:10,light,2
878,2023-04-21 04:14:20,light,2
879,2023-04-21 04:14:30,light,2
880,2023-04-21 04:14:40,light,2
881,2023-04-21 04:14:50,light,2
882,2023-04-21 04:15:00,light,2
883,2023-04-21 04:15:10,light,2
884,2023-04-21 04:15:20,light,2
885,2023-04-21 04:15:30,light,2
886,2023-04-21 04:15:40,light,2
887,2023-04-21 04:15:50,light,2
888,2023-04-21 04:16:00,light,2
889,2023-04-21 04:16:10,light,2
890,2023-04-21 04:16:20,light,2
891,2023-04-21 04:16:30,light,2
892,2023-04-21 04:16:40,light,2
893,2023-04-21 04:16:50,light,2
894,2023-04-21 04:17:00,light,2
895,2023-04-21 04:17:10,light,2
896,2023-04-21 04:17:20,light,2
897,2023-04-21 04:17:30,light,2
898,2023-04-21 04:17:40,light,2
899,2023-04-21 04:17:50,light,2
900,2023-04-21 04:18:00,light,2
901,2023-04-21 04:18:10,light,2
902,2023-04-21 04:18:20,light,2
903,2023-04-21 04:18:30,light,2
904,2023-04-21 04:18:40,light,2
905,2023-04-21 04:18:50,light,2
906,2023-04-21 04:19:00,light,2
907,2023-04-21 04:19:10,light,2
908,2023-04-21 04:19:20,light,2
909,2023-04-21 04:19:30,light,2
910,2023-04-21 04:19:40,light,2
911,2023-04-21 04:19:50,light,2
912,2023-04-21 04:20:00,light,2
913,2023-04-21 04:20:10,light,2
914,2023-04-21 04:20:20,light,2
915,2023-04-21 04:20:30,light,2
916,2023-04-21 04:20:40,light,2
917,2023-04-21 04:20:50,light,2
918,2023-04-21 04:21:00,light,2
919,2023-04-21 04:21:10,light,2
920,2023-04-21 04:21:20,light,2
921,2023-04-21 04:21:30,light,2
922,2023-04-21 04:21:40,light,2
923,2023-04-21 04:21:50,light,2
924,2023-04-21 04:22:00,light,2
925,2023-04-21 04:22:10,light,2
926,2023-04-21 04:22:20,light,2
927,2023-04-21 04:22:30,light,2
928,2023-04-21 04:22:40,light,2
929,2023-04-21 04:22:50,light,2
930,2023-04-21 04:23:00,light,2
931,2023-04-21 04:23:10,light,2
932,2023-04-21 04:23:20,light,2
933,2023-04-21 04:23:30,light,2
934,2023-04-21 04:23:40,light,2
935,2023-04-21 04:23:50,light,2
936,2023-04-21 04:24:00,light,2
937,2023-04-21 04:24:10,light,2
938,2023-04-21 04:24:20,light,2
939,2023-04-21 04:24:30,light,2
940,2023-04-21 04:24:40,light,2
941,2023-04-21 04:24:50,light,2
942,2023-04-21 04:25:00,light,2
943,2023-04-21 04:25:10,light,2
944,2023-04-21 04:25:20,light,2
945,2023-04-21 04:25:30,light,2
946,2023-04-21 04:25:40,light,2
947,2023-04-21 04:25:50,light,2
948,2023-04-21 04:26:00,light,2
949,2023-04-21 04:26:10,light,2
950,2023-04-21 04:26:20,light,2
951,2023-04-21 04:26:30,light,2
952,2023-04-21 04:26:40,light,2
953,2023-04-21 04:26:50,light,2
954,2023-04-21 04:27:00,light,2
955,2023-04-21 04:27:10,light,2
956,2023-04-21 04:27:20,light,2
957,2023-04-21 04:27:30,light,2
958,2023-04-21 04:27:40,light,2
959,2023-04-21 04:27:50,light,2
960,2023-04-21 04:28:00,light,2
961,2023-04-21 04:28:10,light,2
962,2023-04-21 04:28:20,light,2
963,2023-04-21 04:28:30,light,2
964,2023-04-21 04:28:40,light,2
965,2023-04-21 04:28:50,light,2
966,2023-04-21 04:29:00,light,2
967,2023-04-21 04:29:10,light,2
968,2023-04-21 04:29:20,light,2
969,2023-04-21 04:29:30,light,2
970,2023-04-21 04:29:40,light,2
971,2023-04-21 04:29:50,light,2
972,2023-04-21 04:30:00,wake,0
973,2023-04-21 04:30:10,wake,0
974,2023-04-21 04:30:20,wake,0
975,2023-04-21 04:30:30,wake,0
976,2023-04-21 04:30:40,wake,0
977,2023-04-21 04:30:50,wake,0
978,2023-04-21 04:31:00,wake,0
979,2023-04-21 04:31:10,wake,0
980,2023-04-21 04:31:20,wake,0
981,2023-04-21 04:31:30,wake,0
982,2023-04-21 04:31:40,wake,0
983,2023-04-21 04:31:50,wake,0
984,2023-04-21 04:32:00,wake,0
985,2023-04-21 04:32:10,wake,0
986,2023-04-21 04:32:20,wake,0
987,2023-04-21 04:32:30,wake,0
988,2023-04-21 04:32:40,wake,0
989,2023-04-21 04:32:50,wake,0
990,2023-04-21 04:33:00,wake,0
991,2023-04-21 04:33:10,wake,0
992,2023-04-21 04:33:20,wake,0
993,2023-04-21 04:33:30,light,2
994,2023-04-21 04:33:40,light,2
995,2023-04-21 04:33:50,light,2
996,2023-04-21 04:34:00,light,2
997,2023-04-21 04:34:10,light,2
998,2023-04-21 04:34:20,light,2
999,2023-04-21 04:34:30,light,2
1000,2023-04-21 04:34:40,light,2
1001,2023-04-21 04:34:50,light,2
1002,2023-04-21 04:35:00,light,2
1003,2023-04-21 04:35:10,light,2
1004,2023-04-21 04:35:20,light,2
1005,2023-04-21 04:35:30,light,2
1006,2023-04-21 04:35:40,light,2
1007,2023-04-21 04:35:50,light,2
1008,2023-04-21 04:36:00,light,2
1009,2023-04-21 04:36:10,light,2
1010,2023-04-21 04:36:20,light,2
1011,2023-04-21 04:36:30,light,2
1012,2023-04-21 04:36:40,light,2
1013,2023-04-21 04:36:50,light,2
1014,2023-04-21 04:37:00,light,2
1015,2023-04-21 04:37:10,light,2
1016,2023-04-21 04:37:20,light,2
1017,2023-04-21 04:37:30,light,2
1018,2023-04-21 04:37:40,light,2
1019,2023-04-21 04:37:50,light,2
1020,2023-04-21 04:38:00,light,2
1021,2023-04-21 04:38:10,light,2
1022,2023-04-21 04:38:20,light,2
1023,2023-04-21 04:38:30,light,2
1024,2023-04-21 04:38:40,light,2
1025,2023-04-21 04:38:50,light,2
1026,2023-04-21 04:39:00,light,2
1027,2023-04-21 04:39:10,light,2
1028,2023-04-21 04:39:20,light,2
1029,2023-04-21 04:39:30,light,2
1030,2023-04-21 04:39:40,light,2
1031,2023-04-21 04:39:50,light,2
1032,2023-04-21 04:40:00,light,2
1033,2023-04-21 04:40:10,light,2
1034,2023-04-21 04:40:20,light,2
1035,2023-04-21 04:40:30,light,2
1036,2023-04-21 04:40:40,light,2
1037,2023-04-21 04:40:50,light,2
1038,2023-04-21 04:41:00,light,2
1039,2023-04-21 04:41:10,light,2
1040,2023-04-21 04:41:20,light,2
1041,2023-04-21 04:41:30,light,2
1042,2023-04-21 04:41:40,light,2
1043,2023-04-21 04:41:50,light,2
1044,2023-04-21 04:42:00,light,2
1045,2023-04-21 04:42:10,light,2
1046,2023-04-21 04:42:20,light,2
1047,2023-04-21 04:42:30,rem,1
1048,2023-04-21 04:42:40,rem,1
1049,2023-04-21 04:42:50,rem,1
1050,2023-04-21 04:43:00,rem,1
1051,2023-04-21 04:43:10,rem,1
1052,2023-04-21 04:43:20,rem,1
1053,2023-04-21 04:43:30,rem,1
1054,2023-04-21 04:43:40,rem,1
1055,2023-04-21 04:43:50,rem,1
1056,2023-04-21 04:44:00,rem,1
1057,2023-04-21 04:44:10,rem,1
1058,2023-04-21 04:44:20,rem,1
1059,2023-04-21 04:44:30,rem,1
1060,2023-04-21 04:44:40,rem,1
1061,2023-04-21 04:44:50,rem,1
1062,2023-04-21 04:45:00,rem,1
1063,2023-04-21 04:45:10,rem,1
1064,2023-04-21 04:45:20,rem,1
1065,2023-04-21 04:45:30,rem,1
1066,2023-04-21 04:45:40,rem,1
1067,2023-04-21 04:45:50,rem,1
1068,2023-04-21 04:46:00,rem,1
1069,2023-04-21 04:46:10,rem,1
1070,2023-04-21 04:46:20,rem,1
1071,2023-04-21 04:46:30,rem,1
1072,2023-04-21 04:46:40,rem,1
1073,2023-04-21 04:46:50,rem,1
1074,2023-04-21 04:47:00,rem,1
1075,2023-04-21 04:47:10,rem,1
1076,2023-04-21 04:47:20,rem,1
1077,2023-04-21 04:47:30,rem,1
1078,2023-04-21 04:47:40,rem,1
1079,2023-04-21 04:47:50,rem,1
1080,2023-04-21 04:48:00,rem,1
1081,2023-04-21 04:48:10,rem,1
1082,2023-04-21 04:48:20,rem,1
1083,2023-04-21 04:48:30,rem,1
1084,2023-04-21 04:48:40,rem,1
1085,2023-04-21 04:48:50,rem,1
1086,2023-04-21 04:49:00,rem,1
1087,2023-04-21 04:49:10,rem,1
1088,2023-04-21 04:49:20,rem,1
1089,2023-04-21 04:49:30,rem,1
1090,2023-04-21 04:49:40,rem,1
1091,2023-04-21 04:49:50,rem,1
1092,2023-04-21 04:50:00,rem,1
1093,2023-04-21 04:50:10,rem,1
1094,2023-04-21 04:50:20,rem,1
1095,2023-04-21 04:50:30,rem,1
1096,2023-04-21 04:50:40,rem,1
1097,2023-04-21 04:50:50,rem,1
1098,2023-04-21 04:51:00,rem,1
1099,2023-04-21 04:51:10,rem,1
1100,2023-04-21 04:51:20,rem,1
1101,2023-04-21 04:51:30,rem,1
1102,2023-04-21 04:51:40,rem,1
1103,2023-04-21 04:51:50,rem,1
1104,2023-04-21 04:52:00,rem,1
1105,2023-04-21 04:52:10,rem,1
1106,2023-04-21 04:52:20,rem,1
1107,2023-04-21 04:52:30,rem,1
1108,2023-04-21 04:52:40,rem,1
1109,2023-04-21 04:52:50,rem,1
1110,2023-04-21 04:53:00,rem,1
1111,2023-04-21 04:53:10,rem,1
1112,2023-04-21 04:53:20,rem,1
1113,2023-04-21 04:53:30,rem,1
1114,2023-04-21 04:53:40,rem,1
1115,2023-04-21 04:53:50,rem,1
1116,2023-04-21 04:54:00,rem,1
1117,2023-04-21 04:54:10,rem,1
1118,2023-04-21 04:54:20,rem,1
1119,2023-04-21 04:54:30,rem,1
1120,2023-04-21 04:54:40,rem,1
1121,2023-04-21 04:54:50,rem,1
1122,2023-04-21 04:55:00,rem,1
1123,2023-04-21 04:55:10,rem,1
1124,2023-04-21 04:55:20,rem,1
1125,2023-04-21 04:55:30,rem,1
1126,2023-04-21 04:55:40,rem,1
1127,2023-04-21 04:55:50,rem,1
1128,2023-04-21 04:56:00,rem,1
1129,2023-04-21 04:56:10,rem,1
1130,2023-04-21 04:56:20,rem,1
1131,2023-04-21 04:56:30,rem,1
1132,2023-04-21 04:56:40,rem,1
1133,2023-04-21 04:56:50,rem,1
1134,2023-04-21 04:57:00,rem,1
1135,2023-04-21 04:57:10,rem,1
1136,2023-04-21 04:57:20,rem,1
1137,2023-04-21 04:57:30,rem,1
1138,2023-04-21 04:57:40,rem,1
1139,2023-04-21 04:57:50,rem,1
1140,2023-04-21 04:58:00,rem,1
1141,2023-04-21 04:58:10,rem,1
1142,2023-04-21 04:58:20,rem,1
1143,2023-04-21 04:58:30,rem,1
1144,2023-04-21 04:58:40,rem,1
1145,2023-04-21 04:58:50,rem,1
1146,2023-04-21 04:59:00,rem,1
1147,2023-04-21 04:59:10,rem,1
1148,2023-04-21 04:59:20,rem,1
1149,2023-04-21 04:59:30,rem,1
1150,2023-04-21 04:59:40,rem,1
1151,2023-04-21 04:59:50,rem,1
1152,2023-04-21 05:00:00,rem,1
1153,2023-04-21 05:00:10,rem,1
1154,2023-04-21 05:00:20,rem,1
1155,2023-04-21 05:00:30,rem,1
1156,2023-04-21 05:00:40,rem,1
1157,2023-04-21 05:00:50,rem,1
1158,2023-04-21 05:01:00,rem,1
1159,2023-04-21 05:01:10,rem,1
1160,2023-04-21 05:01:20,rem,1
1161,2023-04-21 05:01:30,rem,1
1162,2023-04-21 05:01:40,rem,1
1163,2023-04-21 05:01:50,rem,1
1164,2023-04-21 05:02:00,rem,1
1165,2023-04-21 05:02:10,rem,1
1166,2023-04-21 05:02:20,rem,1
1167,2023-04-21 05:02:30,rem,1
1168,2023-04-21 05:02:40,rem,1
1169,2023-04-21 05:02:50,rem,1
1170,2023-04-21 05:03:00,rem,1
1171,2023-04-21 05:03:10,rem,1
1172,2023-04-21 05:03:20,rem,1
1173,2023-04-21 05:03:30,rem,1
1174,2023-04-21 05:03:40,rem,1
1175,2023-04-21 05:03:50,rem,1
1176,2023-04-21 05:04:00,rem,1
1177,2023-04-21 05:04:10,rem,1
1178,2023-04-21 05:04:20,rem,1
1179,2023-04-21 05:04:30,rem,1
1180,2023-04-21 05:04:40,rem,1
1181,2023-04-21 05:04:50,rem,1
1182,2023-04-21 05:05:00,rem,1
1183,2023-04-21 05:05:10,rem,1
1184,2023-04-21 05:05:20,rem,1
1185,2023-04-21 05:05:30,rem,1
1186,2023-04-21 05:05:40,rem,1
1187,2023-04-21 05:05:50,rem,1
1188,2023-04-21 05:06:00,rem,1
1189,2023-04-21 05:06:10,rem,1
1190,2023-04-21 05:06:20,rem,1
1191,2023-04-21 05:06:30,rem,1
1192,2023-04-21 05:06:40,rem,1
1193,2023-04-21 05:06:50,rem,1
1194,2023-04-21 05:07:00,rem,1
1195,2023-04-21 05:07:10,rem,1
1196,2023-04-21 05:07:20,rem,1
1197,2023-04-21 05:07:30,rem,1
1198,2023-04-21 05:07:40,rem,1
1199,2023-04-21 05:07:50,rem,1
1200,2023-04-21 05:08:00,light,2
1201,2023-04-21 05:08:10,light,2
1202,2023-04-21 05:08:20,light,2
1203,2023-04-21 05:08:30,light,2
1204,2023-04-21 05:08:40,light,2
1205,2023-04-21 05:08:50,light,2
1206,2023-04-21 05:09:00,light,2
1207,2023-04-21 05:09:10,light,2
1208,2023-04-21 05:09:20,light,2
1209,2023-04-21 05:09:30,light,2
1210,2023-04-21 05:09:40,light,2
1211,2023-04-21 05:09:50,light,2
1212,2023-04-21 05:10:00,light,2
1213,2023-04-21 05:10:10,light,2
1214,2023-04-21 05:10:20,light,2
1215,2023-04-21 05:10:30,light,2
1216,2023-04-21 05:10:40,light,2
1217,2023-04-21 05:10:50,light,2
1218,2023-04-21 05:11:00,light,2
1219,2023-04-21 05:11:10,light,2
1220,2023-04-21 05:11:20,light,2
1221,2023-04-21 05:11:30,light,2
1222,2023-04-21 05:11:40,light,2
1223,2023-04-21 05:11:50,light,2
1224,2023-04-21 05:12:00,light,2
1225,2023-04-21 05:12:10,light,2
1226,2023-04-21 05:12:20,light,2
1227,2023-04-21 05:12:30,light,2
1228,2023-04-21 05:12:40,light,2
1229,2023-04-21 05:12:50,light,2
1230,2023-04-21 05:13:00,light,2
1231,2023-04-21 05:13:10,light,2
1232,2023-04-21 05:13:20,light,2
1233,2023-04-21 05:13:30,light,2
1234,2023-04-21 05:13:40,light,2
1235,2023-04-21 05:13:50,light,2
1236,2023-04-21 05:14:00,light,2
1237,2023-04-21 05:14:10,light,2
1238,2023-04-21 05:14:20,light,2
1239,2023-04-21 05:14:30,light,2
1240,2023-04-21 05:14:40,light,2
1241,2023-04-21 05:14:50,light,2
1242,2023-04-21 05:15:00,light,2
1243,2023-04-21 05:15:10,light,2
1244,2023-04-21 05:15:20,light,2
1245,2023-04-21 05:15:30,light,2
1246,2023-04-21 05:15:40,light,2
1247,2023-04-21 05:15:50,light,2
1248,2023-04-21 05:16:00,light,2
1249,2023-04-21 05:16:10,light,2
1250,2023-04-21 05:16:20,light,2
1251,2023-04-21 05:16:30,light,2
1252,2023-04-21 05:16:40,light,2
1253,2023-04-21 05:16:50,light,2
1254,2023-04-21 05:17:00,light,2
1255,2023-04-21 05:17:10,light,2
1256,2023-04-21 05:17:20,light,2
1257,2023-04-21 05:17:30,wake,0
1258,2023-04-21 05:17:40,wake,0
1259,2023-04-21 05:17:50,wake,0
1260,2023-04-21 05:18:00,wake,0
1261,2023-04-21 05:18:10,wake,0
1262,2023-04-21 05:18:20,wake,0
1263,2023-04-21 05:18:30,wake,0
1264,2023-04-21 05:18:40,wake,0
1265,2023-04-21 05:18:50,wake,0
1266,2023-04-21 05:19:00,wake,0
1267,2023-04-21 05:19:10,wake,0
1268,2023-04-21 05:19:20,wake,0
1269,2023-04-21 05:19:30,wake,0
1270,2023-04-21 05:19:40,wake,0
1271,2023-04-21 05:19:50,wake,0
1272,2023-04-21 05:20:00,wake,0
1273,2023-04-21 05:20:10,wake,0
1274,2023-04-21 05:20:20,wake,0
1275,2023-04-21 05:20:30,wake,0
1276,2023-04-21 05:20:40,wake,0
1277,2023-04-21 05:20:50,wake,0
1278,2023-04-21 05:21:00,wake,0
1279,2023-04-21 05:21:10,wake,0
1280,2023-04-21 05:21:20,wake,0
1281,2023-04-21 05:21:30,wake,0
1282,2023-04-21 05:21:40,wake,0
1283,2023-04-21 05:21:50,wake,0
1284,2023-04-21 05:22:00,light,2
1285,2023-04-21 05:22:10,light,2
1286,2023-04-21 05:22:20,light,2
1287,2023-04-21 05:22:30,light,2
1288,2023-04-21 05:22:40,light,2
1289,2023-04-21 05:22:50,light,2
1290,2023-04-21 05:23:00,light,2
1291,2023-04-21 05:23:10,light,2
1292,2023-04-21 05:23:20,light,2
1293,2023-04-21 05:23:30,light,2
1294,2023-04-21 05:23:40,light,2
1295,2023-04-21 05:23:50,light,2
1296,2023-04-21 05:24:00,light,2
1297,2023-04-21 05:24:10,light,2
1298,2023-04-21 05:24:20,light,2
1299,2023-04-21 05:24:30,light,2
1300,2023-04-21 05:24:40,light,2
1301,2023-04-21 05:24:50,light,2
1302,2023-04-21 05:25:00,light,2
1303,2023-04-21 05:25:10,light,2
1304,2023-04-21 05:25:20,light,2
1305,2023-04-21 05:25:30,light,2
1306,2023-04-21 05:25:40,light,2
1307,2023-04-21 05:25:50,light,2
1308,2023-04-21 05:26:00,light,2
1309,2023-04-21 05:26:10,light,2
1310,2023-04-21 05:26:20,light,2
1311,2023-04-21 05:26:30,light,2
1312,2023-04-21 05:26:40,light,2
1313,2023-04-21 05:26:50,light,2
1314,2023-04-21 05:27:00,light,2
1315,2023-04-21 05:27:10,light,2
1316,2023-04-21 05:27:20,light,2
1317,2023-04-21 05:27:30,light,2
1318,2023-04-21 05:27:40,light,2
1319,2023-04-21 05:27:50,light,2
1320,2023-04-21 05:28:00,light,2
1321,2023-04-21 05:28:10,light,2
1322,2023-04-21 05:28:20,light,2
1323,2023-04-21 05:28:30,light,2
1324,2023-04-21 05:28:40,light,2
1325,2023-04-21 05:28:50,light,2
1326,2023-04-21 05:29:00,light,2
1327,2023-04-21 05:29:10,light,2
1328,2023-04-21 05:29:20,light,2
1329,2023-04-21 05:29:30,light,2
1330,2023-04-21 05:29:40,light,2
1331,2023-04-21 05:29:50,light,2
1332,2023-04-21 05:30:00,light,2
1333,2023-04-21 05:30:10,light,2
1334,2023-04-21 05:30:20,light,2
1335,2023-04-21 05:30:30,light,2
1336,2023-04-21 05:30:40,light,2
1337,2023-04-21 05:30:50,light,2
1338,2023-04-21 05:31:00,light,2
1339,2023-04-21 05:31:10,light,2
1340,2023-04-21 05:31:20,light,2
1341,2023-04-21 05:31:30,light,2
1342,2023-04-21 05:31:40,light,2
1343,2023-04-21 05:31:50,light,2
1344,2023-04-21 05:32:00,light,2
1345,2023-04-21 05:32:10,light,2
1346,2023-04-21 05:32:20,light,2
1347,2023-04-21 05:32:30,light,2
1348,2023-04-21 05:32:40,light,2
1349,2023-04-21 05:32:50,light,2
1350,2023-04-21 05:33:00,light,2
1351,2023-04-21 05:33:10,light,2
1352,2023-04-21 05:33:20,light,2
1353,2023-04-21 05:33:30,light,2
1354,2023-04-21 05:33:40,light,2
1355,2023-04-21 05:33:50,light,2
1356,2023-04-21 05:34:00,light,2
1357,2023-04-21 05:34:10,light,2
1358,2023-04-21 05:34:20,light,2
1359,2023-04-21 05:34:30,light,2
1360,2023-04-21 05:34:40,light,2
1361,2023-04-21 05:34:50,light,2
1362,2023-04-21 05:35:00,light,2
1363,2023-04-21 05:35:10,light,2
1364,2023-04-21 05:35:20,light,2
1365,2023-04-21 05:35:30,light,2
1366,2023-04-21 05:35:40,light,2
1367,2023-04-21 05:35:50,light,2
1368,2023-04-21 05:36:00,light,2
1369,2023-04-21 05:36:10,light,2
1370,2023-04-21 05:36:20,light,2
1371,2023-04-21 05:36:30,light,2
1372,2023-04-21 05:36:40,light,2
1373,2023-04-21 05:36:50,light,2
1374,2023-04-21 05:37:00,light,2
1375,2023-04-21 05:37:10,light,2
1376,2023-04-21 05:37:20,light,2
1377,2023-04-21 05:37:30,light,2
1378,2023-04-21 05:37:40,light,2
1379,2023-04-21 05:37:50,light,2
1380,2023-04-21 05:38:00,light,2
1381,2023-04-21 05:38:10,light,2
1382,2023-04-21 05:38:20,light,2
1383,2023-04-21 05:38:30,light,2
1384,2023-04-21 05:38:40,light,2
1385,2023-04-21 05:38:50,light,2
1386,2023-04-21 05:39:00,light,2
1387,2023-04-21 05:39:10,light,2
1388,2023-04-21 05:39:20,light,2
1389,2023-04-21 05:39:30,light,2
1390,2023-04-21 05:39:40,light,2
1391,2023-04-21 05:39:50,light,2
1392,2023-04-21 05:40:00,light,2
1393,2023-04-21 05:40:10,light,2
1394,2023-04-21 05:40:20,light,2
1395,2023-04-21 05:40:30,light,2
1396,2023-04-21 05:40:40,light,2
1397,2023-04-21 05:40:50,light,2
1398,2023-04-21 05:41:00,light,2
1399,2023-04-21 05:41:10,light,2
1400,2023-04-21 05:41:20,light,2
1401,2023-04-21 05:41:30,light,2
1402,2023-04-21 05:41:40,light,2
1403,2023-04-21 05:41:50,light,2
1404,2023-04-21 05:42:00,light,2
1405,2023-04-21 05:42:10,light,2
1406,2023-04-21 05:42:20,light,2
1407,2023-04-21 05:42:30,light,2
1408,2023-04-21 05:42:40,light,2
1409,2023-04-21 05:42:50,light,2
1410,2023-04-21 05:43:00,light,2
1411,2023-04-21 05:43:10,light,2
1412,2023-04-21 05:43:20,light,2
1413,2023-04-21 05:43:30,light,2
1414,2023-04-21 05:43:40,light,2
1415,2023-04-21 05:43:50,light,2
1416,2023-04-21 05:44:00,light,2
1417,2023-04-21 05:44:10,light,2
1418,2023-04-21 05:44:20,light,2
1419,2023-04-21 05:44:30,light,2
1420,2023-04-21 05:44:40,light,2
1421,2023-04-21 05:44:50,light,2
1422,2023-04-21 05:45:00,light,2
1423,2023-04-21 05:45:10,light,2
1424,2023-04-21 05:45:20,light,2
1425,2023-04-21 05:45:30,light,2
1426,2023-04-21 05:45:40,light,2
1427,2023-04-21 05:45:50,light,2
1428,2023-04-21 05:46:00,light,2
1429,2023-04-21 05:46:10,light,2
1430,2023-04-21 05:46:20,light,2
1431,2023-04-21 05:46:30,light,2
1432,2023-04-21 05:46:40,light,2
1433,2023-04-21 05:46:50,light,2
1434,2023-04-21 05:47:00,deep,3
1435,2023-04-21 05:47:10,deep,3
1436,2023-04-21 05:47:20,deep,3
1437,2023-04-21 05:47:30,deep,3
1438,2023-04-21 05:47:40,deep,3
1439,2023-04-21 05:47:50,deep,3
1440,2023-04-21 05:48:00,deep,3
1441,2023-04-21 05:48:10,deep,3
1442,2023-04-21 05:48:20,deep,3
1443,2023-04-21 05:48:30,deep,3
1444,2023-04-21 05:48:40,deep,3
1445,2023-04-21 05:48:50,deep,3
1446,2023-04-21 05:49:00,deep,3
1447,2023-04-21 05:49:10,deep,3
1448,2023-04-21 05:49:20,deep,3
1449,2023-04-21 05:49:30,deep,3
1450,2023-04-21 05:49:40,deep,3
1451,2023-04-21 05:49:50,deep,3
1452,2023-04-21 05:50:00,deep,3
1453,2023-04-21 05:50:10,deep,3
1454,2023-04-21 05:50:20,deep,3
1455,2023-04-21 05:50:30,deep,3
1456,2023-04-21 05:50:40,deep,3
1457,2023-04-21 05:50:50,deep,3
1458,2023-04-21 05:51:00,deep,3
1459,2023-04-21 05:51:10,deep,3
1460,2023-04-21 05:51:20,deep,3
1461,2023-04-21 05:51:30,deep,3
1462,2023-04-21 05:51:40,deep,3
1463,2023-04-21 05:51:50,deep,3
1464,2023-04-21 05:52:00,deep,3
1465,2023-04-21 05:52:10,deep,3
1466,2023-04-21 05:52:20,deep,3
1467,2023-04-21 05:52:30,wake,0
1468,2023-04-21 05:52:40,wake,0
1469,2023-04-21 05:52:50,wake,0
1470,2023-04-21 05:53:00,wake,0
1471,2023-04-21 05:53:10,wake,0
1472,2023-04-21 05:53:20,wake,0
1473,2023-04-21 05:53:30,wake,0
1474,2023-04-21 05:53:40,wake,0
1475,2023-04-21 05:53:50,wake,0
1476,2023-04-21 05:54:00,wake,0
1477,2023-04-21 05:54:10,wake,0
1478,2023-04-21 05:54:20,wake,0
1479,2023-04-21 05:54:30,wake,0
1480,2023-04-21 05:54:40,wake,0
1481,2023-04-21 05:54:50,wake,0
1482,2023-04-21 05:55:00,wake,0
1483,2023-04-21 05:55:10,wake,0
1484,2023-04-21 05:55:20,wake,0
1485,2023-04-21 05:55:30,wake,0
1486,2023-04-21 05:55:40,wake,0
1487,2023-04-21 05:55:50,wake,0
1488,2023-04-21 05:56:00,wake,0
1489,2023-04-21 05:56:10,wake,0
1490,2023-04-21 05:56:20,wake,0
1491,2023-04-21 05:56:30,wake,0
1492,2023-04-21 05:56:40,wake,0
1493,2023-04-21 05:56:50,wake,0
1494,2023-04-21 05:57:00,light,2
1495,2023-04-21 05:57:10,light,2
1496,2023-04-21 05:57:20,light,2
1497,2023-04-21 05:57:30,light,2
1498,2023-04-21 05:57:40,light,2
1499,2023-04-21 05:57:50,light,2
1500,2023-04-21 05:58:00,light,2
1501,2023-04-21 05:58:10,light,2
1502,2023-04-21 05:58:20,light,2
1503,2023-04-21 05:58:30,light,2
1504,2023-04-21 05:58:40,light,2
1505,2023-04-21 05:58:50,light,2
1506,2023-04-21 05:59:00,light,2
1507,2023-04-21 05:59:10,light,2
1508,2023-04-21 05:59:20,light,2
1509,2023-04-21 05:59:30,light,2
1510,2023-04-21 05:59:40,light,2
1511,2023-04-21 05:59:50,light,2
1512,2023-04-21 06:00:00,light,2
1513,2023-04-21 06:00:10,light,2
1514,2023-04-21 06:00:20,light,2
1515,2023-04-21 06:00:30,light,2
1516,2023-04-21 06:00:40,light,2
1517,2023-04-21 06:00:50,light,2
1518,2023-04-21 06:01:00,light,2
1519,2023-04-21 06:01:10,light,2
1520,2023-04-21 06:01:20,light,2
1521,2023-04-21 06:01:30,light,2
1522,2023-04-21 06:01:40,light,2
1523,2023-04-21 06:01:50,light,2
1524,2023-04-21 06:02:00,light,2
1525,2023-04-21 06:02:10,light,2
1526,2023-04-21 06:02:20,light,2
1527,2023-04-21 06:02:30,light,2
1528,2023-04-21 06:02:40,light,2
1529,2023-04-21 06:02:50,light,2
1530,2023-04-21 06:03:00,light,2
1531,2023-04-21 06:03:10,light,2
1532,2023-04-21 06:03:20,light,2
1533,2023-04-21 06:03:30,light,2
1534,2023-04-21 06:03:40,light,2
1535,2023-04-21 06:03:50,light,2
1536,2023-04-21 06:04:00,light,2
1537,2023-04-21 06:04:10,light,2
1538,2023-04-21 06:04:20,light,2
1539,2023-04-21 06:04:30,light,2
1540,2023-04-21 06:04:40,light,2
1541,2023-04-21 06:04:50,light,2
1542,2023-04-21 06:05:00,light,2
1543,2023-04-21 06:05:10,light,2
1544,2023-04-21 06:05:20,light,2
1545,2023-04-21 06:05:30,light,2
1546,2023-04-21 06:05:40,light,2
1547,2023-04-21 06:05:50,light,2
1548,2023-04-21 06:06:00,light,2
1549,2023-04-21 06:06:10,light,2
1550,2023-04-21 06:06:20,light,2
1551,2023-04-21 06:06:30,light,2
1552,2023-04-21 06:06:40,light,2
1553,2023-04-21 06:06:50,light,2
1554,2023-04-21 06:07:00,light,2
1555,2023-04-21 06:07:10,light,2
1556,2023-04-21 06:07:20,light,2
1557,2023-04-21 06:07:30,light,2
1558,2023-04-21 06:07:40,light,2
1559,2023-04-21 06:07:50,light,2
1560,2023-04-21 06:08:00,light,2
1561,2023-04-21 06:08:10,light,2
1562,2023-04-21 06:08:20,light,2
1563,2023-04-21 06:08:30,light,2
1564,2023-04-21 06:08:40,light,2
1565,2023-04-21 06:08:50,light,2
1566,2023-04-21 06:09:00,rem,1
1567,2023-04-21 06:09:10,rem,1
1568,2023-04-21 06:09:20,rem,1
1569,2023-04-21 06:09:30,rem,1
1570,2023-04-21 06:09:40,rem,1
1571,2023-04-21 06:09:50,rem,1
1572,2023-04-21 06:10:00,rem,1
1573,2023-04-21 06:10:10,rem,1
1574,2023-04-21 06:10:20,rem,1
1575,2023-04-21 06:10:30,rem,1
1576,2023-04-21 06:10:40,rem,1
1577,2023-04-21 06:10:50,rem,1
1578,2023-04-21 06:11:00,rem,1
1579,2023-04-21 06:11:10,rem,1
1580,2023-04-21 06:11:20,rem,1
1581,2023-04-21 06:11:30,rem,1
1582,2023-04-21 06:11:40,rem,1
1583,2023-04-21 06:11:50,rem,1
1584,2023-04-21 06:12:00,rem,1
1585,2023-04-21 06:12:10,rem,1
1586,2023-04-21 06:12:20,rem,1
1587,2023-04-21 06:12:30,rem,1
1588,2023-04-21 06:12:40,rem,1
1589,2023-04-21 06:12:50,rem,1
1590,2023-04-21 06:13:00,rem,1
1591,2023-04-21 06:13:10,rem,1
1592,2023-04-21 06:13:20,rem,1
1593,2023-04-21 06:13:30,rem,1
1594,2023-04-21 06:13:40,rem,1
1595,2023-04-21 06:13:50,rem,1
1596,2023-04-21 06:14:00,rem,1
1597,2023-04-21 06:14:10,rem,1
1598,2023-04-21 06:14:20,rem,1
1599,2023-04-21 06:14:30,rem,1
1600,2023-04-21 06:14:40,rem,1
1601,2023-04-21 06:14:50,rem,1
1602,2023-04-21 06:15:00,rem,1
1603,2023-04-21 06:15:10,rem,1
1604,2023-04-21 06:15:20,rem,1
1605,2023-04-21 06:15:30,rem,1
1606,2023-04-21 06:15:40,rem,1
1607,2023-04-21 06:15:50,rem,1
1608,2023-04-21 06:16:00,rem,1
1609,2023-04-21 06:16:10,rem,1
1610,2023-04-21 06:16:20,rem,1
1611,2023-04-21 06:16:30,rem,1
1612,2023-04-21 06:16:40,rem,1
1613,2023-04-21 06:16:50,rem,1
1614,2023-04-21 06:17:00,rem,1
1615,2023-04-21 06:17:10,rem,1
1616,2023-04-21 06:17:20,rem,1
1617,2023-04-21 06:17:30,rem,1
1618,2023-04-21 06:17:40,rem,1
1619,2023-04-21 06:17:50,rem,1
1620,2023-04-21 06:18:00,rem,1
1621,2023-04-21 06:18:10,rem,1
1622,2023-04-21 06:18:20,rem,1
1623,2023-04-21 06:18:30,rem,1
1624,2023-04-21 06:18:40,rem,1
1625,2023-04-21 06:18:50,rem,1
1626,2023-04-21 06:19:00,rem,1
1627,2023-04-21 06:19:10,rem,1
1628,2023-04-21 06:19:20,rem,1
1629,2023-04-21 06:19:30,rem,1
1630,2023-04-21 06:19:40,rem,1
1631,2023-04-21 06:19:50,rem,1
1632,2023-04-21 06:20:00,rem,1
1633,2023-04-21 06:20:10,rem,1
1634,2023-04-21 06:20:20,rem,1
1635,2023-04-21 06:20:30,rem,1
1636,2023-04-21 06:20:40,rem,1
1637,2023-04-21 06:20:50,rem,1
1638,2023-04-21 06:21:00,rem,1
1639,2023-04-21 06:21:10,rem,1
1640,2023-04-21 06:21:20,rem,1
1641,2023-04-21 06:21:30,rem,1
1642,2023-04-21 06:21:40,rem,1
1643,2023-04-21 06:21:50,rem,1
1644,2023-04-21 06:22:00,rem,1
1645,2023-04-21 06:22:10,rem,1
1646,2023-04-21 06:22:20,rem,1
1647,2023-04-21 06:22:30,rem,1
1648,2023-04-21 06:22:40,rem,1
1649,2023-04-21 06:22:50,rem,1
1650,2023-04-21 06:23:00,rem,1
1651,2023-04-21 06:23:10,rem,1
1652,2023-04-21 06:23:20,rem,1
1653,2023-04-21 06:23:30,rem,1
1654,2023-04-21 06:23:40,rem,1
1655,2023-04-21 06:23:50,rem,1
1656,2023-04-21 06:24:00,rem,1
1657,2023-04-21 06:24:10,rem,1
1658,2023-04-21 06:24:20,rem,1
1659,2023-04-21 06:24:30,rem,1
1660,2023-04-21 06:24:40,rem,1
1661,2023-04-21 06:24:50,rem,1
1662,2023-04-21 06:25:00,rem,1
1663,2023-04-21 06:25:10,rem,1
1664,2023-04-21 06:25:20,rem,1
1665,2023-04-21 06:25:30,rem,1
1666,2023-04-21 06:25:40,rem,1
1667,2023-04-21 06:25:50,rem,1
1668,2023-04-21 06:26:00,rem,1
1669,2023-04-21 06:26:10,rem,1
1670,2023-04-21 06:26:20,rem,1
1671,2023-04-21 06:26:30,rem,1
1672,2023-04-21 06:26:40,rem,1
1673,2023-04-21 06:26:50,rem,1
1674,2023-04-21 06:27:00,rem,1
1675,2023-04-21 06:27:10,rem,1
1676,2023-04-21 06:27:20,rem,1
1677,2023-04-21 06:27:30,rem,1
1678,2023-04-21 06:27:40,rem,1
1679,2023-04-21 06:27:50,rem,1
1680,2023-04-21 06:28:00,rem,1
1681,2023-04-21 06:28:10,rem,1
1682,2023-04-21 06:28:20,rem,1
1683,2023-04-21 06:28:30,rem,1
1684,2023-04-21 06:28:40,rem,1
1685,2023-04-21 06:28:50,rem,1
1686,2023-04-21 06:29:00,rem,1
1687,2023-04-21 06:29:10,rem,1
1688,2023-04-21 06:29:20,rem,1
1689,2023-04-21 06:29:30,rem,1
1690,2023-04-21 06:29:40,rem,1
1691,2023-04-21 06:29:50,rem,1
1692,2023-04-21 06:30:00,rem,1
1693,2023-04-21 06:30:10,rem,1
1694,2023-04-21 06:30:20,rem,1
1695,2023-04-21 06:30:30,rem,1
1696,2023-04-21 06:30:40,rem,1
1697,2023-04-21 06:30:50,rem,1
1698,2023-04-21 06:31:00,rem,1
1699,2023-04-21 06:31:10,rem,1
1700,2023-04-21 06:31:20,rem,1
1701,2023-04-21 06:31:30,rem,1
1702,2023-04-21 06:31:40,rem,1
1703,2023-04-21 06:31:50,rem,1
1704,2023-04-21 06:32:00,rem,1
1705,2023-04-21 06:32:10,rem,1
1706,2023-04-21 06:32:20,rem,1
1707,2023-04-21 06:32:30,rem,1
1708,2023-04-21 06:32:40,rem,1
1709,2023-04-21 06:32:50,rem,1
1710,2023-04-21 06:33:00,rem,1
1711,2023-04-21 06:33:10,rem,1
1712,2023-04-21 06:33:20,rem,1
1713,2023-04-21 06:33:30,rem,1
1714,2023-04-21 06:33:40,rem,1
1715,2023-04-21 06:33:50,rem,1
1716,2023-04-21 06:34:00,rem,1
1717,2023-04-21 06:34:10,rem,1
1718,2023-04-21 06:34:20,rem,1
1719,2023-04-21 06:34:30,rem,1
1720,2023-04-21 06:34:40,rem,1
1721,2023-04-21 06:34:50,rem,1
1722,2023-04-21 06:35:00,rem,1
1723,2023-04-21 06:35:10,rem,1
1724,2023-04-21 06:35:20,rem,1
1725,2023-04-21 06:35:30,rem,1
1726,2023-04-21 06:35:40,rem,1
1727,2023-04-21 06:35:50,rem,1
1728,2023-04-21 06:36:00,rem,1
1729,2023-04-21 06:36:10,rem,1
1730,2023-04-21 06:36:20,rem,1
1731,2023-04-21 06:36:30,rem,1
1732,2023-04-21 06:36:40,rem,1
1733,2023-04-21 06:36:50,rem,1
1734,2023-04-21 06:37:00,rem,1
1735,2023-04-21 06:37:10,rem,1
1736,2023-04-21 06:37:20,rem,1
1737,2023-04-21 06:37:30,rem,1
1738,2023-04-21 06:37:40,rem,1
1739,2023-04-21 06:37:50,rem,1
1740,2023-04-21 06:38:00,rem,1
1741,2023-04-21 06:38:10,rem,1
1742,2023-04-21 06:38:20,rem,1
1743,2023-04-21 06:38:30,rem,1
1744,2023-04-21 06:38:40,rem,1
1745,2023-04-21 06:38:50,rem,1
1746,2023-04-21 06:39:00,rem,1
1747,2023-04-21 06:39:10,rem,1
1748,2023-04-21 06:39:20,rem,1
1749,2023-04-21 06:39:30,rem,1
1750,2023-04-21 06:39:40,rem,1
1751,2023-04-21 06:39:50,rem,1
1752,2023-04-21 06:40:00,rem,1
1753,2023-04-21 06:40:10,rem,1
1754,2023-04-21 06:40:20,rem,1
1755,2023-04-21 06:40:30,rem,1
1756,2023-04-21 06:40:40,rem,1
1757,2023-04-21 06:40:50,rem,1
1758,2023-04-21 06:41:00,light,2
1759,2023-04-21 06:41:10,light,2
1760,2023-04-21 06:41:20,light,2
1761,2023-04-21 06:41:30,light,2
1762,2023-04-21 06:41:40,light,2
1763,2023-04-21 06:41:50,light,2
1764,2023-04-21 06:42:00,light,2
1765,2023-04-21 06:42:10,light,2
1766,2023-04-21 06:42:20,light,2
1767,2023-04-21 06:42:30,light,2
1768,2023-04-21 06:42:40,light,2
1769,2023-04-21 06:42:50,light,2
1770,2023-04-21 06:43:00,light,2
1771,2023-04-21 06:43:10,light,2
1772,2023-04-21 06:43:20,light,2
1773,2023-04-21 06:43:30,light,2
1774,2023-04-21 06:43:40,light,2
1775,2023-04-21 06:43:50,light,2
1776,2023-04-21 06:44:00,light,2
1777,2023-04-21 06:44:10,light,2
1778,2023-04-21 06:44:20,light,2
1779,2023-04-21 06:44:30,light,2
1780,2023-04-21 06:44:40,light,2
1781,2023-04-21 06:44:50,light,2
1782,2023-04-21 06:45:00,light,2
1783,2023-04-21 06:45:10,light,2
1784,2023-04-21 06:45:20,light,2
1785,2023-04-21 06:45:30,light,2
1786,2023-04-21 06:45:40,light,2
1787,2023-04-21 06:45:50,light,2
1788,2023-04-21 06:46:00,light,2
1789,2023-04-21 06:46:10,light,2
1790,2023-04-21 06:46:20,light,2
1791,2023-04-21 06:46:30,light,2
1792,2023-04-21 06:46:40,light,2
1793,2023-04-21 06:46:50,light,2
1794,2023-04-21 06:47:00,light,2
1795,2023-04-21 06:47:10,light,2
1796,2023-04-21 06:47:20,light,2
1797,2023-04-21 06:47:30,light,2
1798,2023-04-21 06:47:40,light,2
1799,2023-04-21 06:47:50,light,2
1800,2023-04-21 06:48:00,light,2
1801,2023-04-21 06:48:10,light,2
1802,2023-04-21 06:48:20,light,2
1803,2023-04-21 06:48:30,light,2
1804,2023-04-21 06:48:40,light,2
1805,2023-04-21 06:48:50,light,2
1806,2023-04-21 06:49:00,light,2
1807,2023-04-21 06:49:10,light,2
1808,2023-04-21 06:49:20,light,2
1809,2023-04-21 06:49:30,light,2
1810,2023-04-21 06:49:40,light,2
1811,2023-04-21 06:49:50,light,2
1812,2023-04-21 06:50:00,light,2
1813,2023-04-21 06:50:10,light,2
1814,2023-04-21 06:50:20,light,2
1815,2023-04-21 06:50:30,light,2
1816,2023-04-21 06:50:40,light,2
1817,2023-04-21 06:50:50,light,2
1818,2023-04-21 06:51:00,light,2
1819,2023-04-21 06:51:10,light,2
1820,2023-04-21 06:51:20,light,2
1821,2023-04-21 06:51:30,light,2
1822,2023-04-21 06:51:40,light,2
1823,2023-04-21 06:51:50,light,2
1824,2023-04-21 06:52:00,light,2
1825,2023-04-21 06:52:10,light,2
1826,2023-04-21 06:52:20,light,2
1827,2023-04-21 06:52:30,light,2
1828,2023-04-21 06:52:40,light,2
1829,2023-04-21 06:52:50,light,2
1830,2023-04-21 06:53:00,light,2
1831,2023-04-21 06:53:10,light,2
1832,2023-04-21 06:53:20,light,2
1833,2023-04-21 06:53:30,light,2
1834,2023-04-21 06:53:40,light,2
1835,2023-04-21 06:53:50,light,2
1836,2023-04-21 06:54:00,light,2
1837,2023-04-21 06:54:10,light,2
1838,2023-04-21 06:54:20,light,2
1839,2023-04-21 06:54:30,light,2
1840,2023-04-21 06:54:40,light,2
1841,2023-04-21 06:54:50,light,2
1842,2023-04-21 06:55:00,light,2
1843,2023-04-21 06:55:10,light,2
1844,2023-04-21 06:55:20,light,2
1845,2023-04-21 06:55:30,light,2
1846,2023-04-21 06:55:40,light,2
1847,2023-04-21 06:55:50,light,2
1848,2023-04-21 06:56:00,light,2
1849,2023-04-21 06:56:10,light,2
1850,2023-04-21 06:56:20,light,2
1851,2023-04-21 06:56:30,light,2
1852,2023-04-21 06:56:40,light,2
1853,2023-04-21 06:56:50,light,2
1854,2023-04-21 06:57:00,light,2
1855,2023-04-21 06:57:10,light,2
1856,2023-04-21 06:57:20,light,2
1857,2023-04-21 06:57:30,light,2
1858,2023-04-21 06:57:40,light,2
1859,2023-04-21 06:57:50,light,2
1860,2023-04-21 06:58:00,light,2
1861,2023-04-21 06:58:10,light,2
1862,2023-04-21 06:58:20,light,2
1863,2023-04-21 06:58:30,light,2
1864,2023-04-21 06:58:40,light,2
1865,2023-04-21 06:58:50,light,2
1866,2023-04-21 06:59:00,light,2
1867,2023-04-21 06:59:10,light,2
1868,2023-04-21 06:59:20,light,2
1869,2023-04-21 06:59:30,light,2
1870,2023-04-21 06:59:40,light,2
1871,2023-04-21 06:59:50,light,2
1872,2023-04-21 07:00:00,light,2
1873,2023-04-21 07:00:10,light,2
1874,2023-04-21 07:00:20,light,2
1875,2023-04-21 07:00:30,light,2
1876,2023-04-21 07:00:40,light,2
1877,2023-04-21 07:00:50,light,2
1878,2023-04-21 07:01:00,light,2
1879,2023-04-21 07:01:10,light,2
1880,2023-04-21 07:01:20,light,2
1881,2023-04-21 07:01:30,light,2
1882,2023-04-21 07:01:40,light,2
1883,2023-04-21 07:01:50,light,2
1884,2023-04-21 07:02:00,light,2
1885,2023-04-21 07:02:10,light,2
1886,2023-04-21 07:02:20,light,2
1887,2023-04-21 07:02:30,wake,0
1888,2023-04-21 07:02:40,wake,0
1889,2023-04-21 07:02:50,wake,0
1890,2023-04-21 07:03:00,wake,0
1891,2023-04-21 07:03:10,wake,0
1892,2023-04-21 07:03:20,wake,0
1893,2023-04-21 07:03:30,wake,0
1894,2023-04-21 07:03:40,wake,0
1895,2023-04-21 07:03:50,wake,0
1896,2023-04-21 07:04:00,wake,0
1897,2023-04-21 07:04:10,wake,0
1898,2023-04-21 07:04:20,wake,0
1899,2023-04-21 07:04:30,wake,0
1900,2023-04-21 07:04:40,wake,0
1901,2023-04-21 07:04:50,wake,0
1902,2023-04-21 07:05:00,wake,0
1903,2023-04-21 07:05:10,wake,0
1904,2023-04-21 07:05:20,wake,0
1905,2023-04-21 07:05:30,wake,0
1906,2023-04-21 07:05:40,wake,0
1907,2023-04-21 07:05:50,wake,0
1908,2023-04-21 07:06:00,wake,0
1909,2023-04-21 07:06:10,wake,0
1910,2023-04-21 07:06:20,wake,0
1911,2023-04-21 07:06:30,wake,0
1912,2023-04-21 07:06:40,wake,0
1913,2023-04-21 07:06:50,wake,0
1914,2023-04-21 07:07:00,light,2
1915,2023-04-21 07:07:10,light,2
1916,2023-04-21 07:07:20,light,2
1917,2023-04-21 07:07:30,light,2
1918,2023-04-21 07:07:40,light,2
1919,2023-04-21 07:07:50,light,2
1920,2023-04-21 07:08:00,light,2
1921,2023-04-21 07:08:10,light,2
1922,2023-04-21 07:08:20,light,2
1923,2023-04-21 07:08:30,light,2
1924,2023-04-21 07:08:40,light,2
1925,2023-04-21 07:08:50,light,2
1926,2023-04-21 07:09:00,light,2
1927,2023-04-21 07:09:10,light,2
1928,2023-04-21 07:09:20,light,2
1929,2023-04-21 07:09:30,light,2
1930,2023-04-21 07:09:40,light,2
1931,2023-04-21 07:09:50,light,2
1932,2023-04-21 07:10:00,light,2
1933,2023-04-21 07:10:10,light,2
1934,2023-04-21 07:10:20,light,2
1935,2023-04-21 07:10:30,light,2
1936,2023-04-21 07:10:40,light,2
1937,2023-04-21 07:10:50,light,2
1938,2023-04-21 07:11:00,light,2
1939,2023-04-21 07:11:10,light,2
1940,2023-04-21 07:11:20,light,2
1941,2023-04-21 07:11:30,light,2
1942,2023-04-21 07:11:40,light,2
1943,2023-04-21 07:11:50,light,2
1944,2023-04-21 07:12:00,light,2
1945,2023-04-21 07:12:10,light,2
1946,2023-04-21 07:12:20,light,2
1947,2023-04-21 07:12:30,light,2
1948,2023-04-21 07:12:40,light,2
1949,2023-04-21 07:12:50,light,2
1950,2023-04-21 07:13:00,light,2
1951,2023-04-21 07:13:10,light,2
1952,2023-04-21 07:13:20,light,2
1953,2023-04-21 07:13:30,light,2
1954,2023-04-21 07:13:40,light,2
1955,2023-04-21 07:13:50,light,2
1956,2023-04-21 07:14:00,light,2
1957,2023-04-21 07:14:10,light,2
1958,2023-04-21 07:14:20,light,2
1959,2023-04-21 07:14:30,light,2
1960,2023-04-21 07:14:40,light,2
1961,2023-04-21 07:14:50,light,2
1962,2023-04-21 07:15:00,light,2
1963,2023-04-21 07:15:10,light,2
1964,2023-04-21 07:15:20,light,2
1965,2023-04-21 07:15:30,light,2
1966,2023-04-21 07:15:40,light,2
1967,2023-04-21 07:15:50,light,2
1968,2023-04-21 07:16:00,light,2
1969,2023-04-21 07:16:10,light,2
1970,2023-04-21 07:16:20,light,2
1971,2023-04-21 07:16:30,light,2
1972,2023-04-21 07:16:40,light,2
1973,2023-04-21 07:16:50,light,2
1974,2023-04-21 07:17:00,light,2
1975,2023-04-21 07:17:10,light,2
1976,2023-04-21 07:17:20,light,2
1977,2023-04-21 07:17:30,light,2
1978,2023-04-21 07:17:40,light,2
1979,2023-04-21 07:17:50,light,2
1980,2023-04-21 07:18:00,light,2
1981,2023-04-21 07:18:10,light,2
1982,2023-04-21 07:18:20,light,2
1983,2023-04-21 07:18:30,light,2
1984,2023-04-21 07:18:40,light,2
1985,2023-04-21 07:18:50,light,2
1986,2023-04-21 07:19:00,light,2
1987,2023-04-21 07:19:10,light,2
1988,2023-04-21 07:19:20,light,2
1989,2023-04-21 07:19:30,light,2
1990,2023-04-21 07:19:40,light,2
1991,2023-04-21 07:19:50,light,2
1992,2023-04-21 07:20:00,light,2
1993,2023-04-21 07:20:10,light,2
1994,2023-04-21 07:20:20,light,2
1995,2023-04-21 07:20:30,light,2
1996,2023-04-21 07:20:40,light,2
1997,2023-04-21 07:20:50,light,2
1998,2023-04-21 07:21:00,light,2
1999,2023-04-21 07:21:10,light,2
2000,2023-04-21 07:21:20,light,2
2001,2023-04-21 07:21:30,light,2
2002,2023-04-21 07:21:40,light,2
2003,2023-04-21 07:21:50,light,2
2004,2023-04-21 07:22:00,light,2
2005,2023-04-21 07:22:10,light,2
2006,2023-04-21 07:22:20,light,2
2007,2023-04-21 07:22:30,light,2
2008,2023-04-21 07:22:40,light,2
2009,2023-04-21 07:22:50,light,2
2010,2023-04-21 07:23:00,light,2
2011,2023-04-21 07:23:10,light,2
2012,2023-04-21 07:23:20,light,2
2013,2023-04-21 07:23:30,light,2
2014,2023-04-21 07:23:40,light,2
2015,2023-04-21 07:23:50,light,2
2016,2023-04-21 07:24:00,light,2
2017,2023-04-21 07:24:10,light,2
2018,2023-04-21 07:24:20,light,2
2019,2023-04-21 07:24:30,light,2
2020,2023-04-21 07:24:40,light,2
2021,2023-04-21 07:24:50,light,2
2022,2023-04-21 07:25:00,light,2
2023,2023-04-21 07:25:10,light,2
2024,2023-04-21 07:25:20,light,2
2025,2023-04-21 07:25:30,light,2
2026,2023-04-21 07:25:40,light,2
2027,2023-04-21 07:25:50,light,2
2028,2023-04-21 07:26:00,light,2
2029,2023-04-21 07:26:10,light,2
2030,2023-04-21 07:26:20,light,2
2031,2023-04-21 07:26:30,light,2
2032,2023-04-21 07:26:40,light,2
2033,2023-04-21 07:26:50,light,2
2034,2023-04-21 07:27:00,light,2
2035,2023-04-21 07:27:10,light,2
2036,2023-04-21 07:27:20,light,2
2037,2023-04-21 07:27:30,light,2
2038,2023-04-21 07:27:40,light,2
2039,2023-04-21 07:27:50,light,2
2040,2023-04-21 07:28:00,light,2
2041,2023-04-21 07:28:10,light,2
2042,2023-04-21 07:28:20,light,2
2043,2023-04-21 07:28:30,light,2
2044,2023-04-21 07:28:40,light,2
2045,2023-04-21 07:28:50,light,2
2046,2023-04-21 07:29:00,light,2
2047,2023-04-21 07:29:10,light,2
2048,2023-04-21 07:29:20,light,2
2049,2023-04-21 07:29:30,light,2
2050,2023-04-21 07:29:40,light,2
2051,2023-04-21 07:29:50,light,2
2052,2023-04-21 07:30:00,light,2
2053,2023-04-21 07:30:10,light,2
2054,2023-04-21 07:30:20,light,2
2055,2023-04-21 07:30:30,light,2
2056,2023-04-21 07:30:40,light,2
2057,2023-04-21 07:30:50,light,2
2058,2023-04-21 07:31:00,light,2
2059,2023-04-21 07:31:10,light,2
2060,2023-04-21 07:31:20,light,2
2061,2023-04-21 07:31:30,light,2
2062,2023-04-21 07:31:40,light,2
2063,2023-04-21 07:31:50,light,2
2064,2023-04-21 07:32:00,light,2
2065,2023-04-21 07:32:10,light,2
2066,2023-04-21 07:32:20,light,2
2067,2023-04-21 07:32:30,light,2
2068,2023-04-21 07:32:40,light,2
2069,2023-04-21 07:32:50,light,2
2070,2023-04-21 07:33:00,light,2
2071,2023-04-21 07:33:10,light,2
2072,2023-04-21 07:33:20,light,2
2073,2023-04-21 07:33:30,light,2
2074,2023-04-21 07:33:40,light,2
2075,2023-04-21 07:33:50,light,2
2076,2023-04-21 07:34:00,light,2
2077,2023-04-21 07:34:10,light,2
2078,2023-04-21 07:34:20,light,2
2079,2023-04-21 07:34:30,light,2
2080,2023-04-21 07:34:40,light,2
2081,2023-04-21 07:34:50,light,2
2082,2023-04-21 07:35:00,light,2
2083,2023-04-21 07:35:10,light,2
2084,2023-04-21 07:35:20,light,2
2085,2023-04-21 07:35:30,light,2
2086,2023-04-21 07:35:40,light,2
2087,2023-04-21 07:35:50,light,2
2088,2023-04-21 07:36:00,light,2
2089,2023-04-21 07:36:10,light,2
2090,2023-04-21 07:36:20,light,2
2091,2023-04-21 07:36:30,light,2
2092,2023-04-21 07:36:40,light,2
2093,2023-04-21 07:36:50,light,2
2094,2023-04-21 07:37:00,light,2
2095,2023-04-21 07:37:10,light,2
2096,2023-04-21 07:37:20,light,2
2097,2023-04-21 07:37:30,light,2
2098,2023-04-21 07:37:40,light,2
2099,2023-04-21 07:37:50,light,2
2100,2023-04-21 07:38:00,rem,1
2101,2023-04-21 07:38:10,rem,1
2102,2023-04-21 07:38:20,rem,1
2103,2023-04-21 07:38:30,rem,1
2104,2023-04-21 07:38:40,rem,1
2105,2023-04-21 07:38:50,rem,1
2106,2023-04-21 07:39:00,rem,1
2107,2023-04-21 07:39:10,rem,1
2108,2023-04-21 07:39:20,rem,1
2109,2023-04-21 07:39:30,rem,1
2110,2023-04-21 07:39:40,rem,1
2111,2023-04-21 07:39:50,rem,1
2112,2023-04-21 07:40:00,rem,1
2113,2023-04-21 07:40:10,rem,1
2114,2023-04-21 07:40:20,rem,1
2115,2023-04-21 07:40:30,rem,1
2116,2023-04-21 07:40:40,rem,1
2117,2023-04-21 07:40:50,rem,1
2118,2023-04-21 07:41:00,rem,1
2119,2023-04-21 07:41:10,rem,1
2120,2023-04-21 07:41:20,rem,1
2121,2023-04-21 07:41:30,rem,1
2122,2023-04-21 07:41:40,rem,1
2123,2023-04-21 07:41:50,rem,1
2124,2023-04-21 07:42:00,rem,1
2125,2023-04-21 07:42:10,rem,1
2126,2023-04-21 07:42:20,rem,1
2127,2023-04-21 07:42:30,rem,1
2128,2023-04-21 07:42:40,rem,1
2129,2023-04-21 07:42:50,rem,1
2130,2023-04-21 07:43:00,rem,1
2131,2023-04-21 07:43:10,rem,1
2132,2023-04-21 07:43:20,rem,1
2133,2023-04-21 07:43:30,rem,1
2134,2023-04-21 07:43:40,rem,1
2135,2023-04-21 07:43:50,rem,1
2136,2023-04-21 07:44:00,rem,1
2137,2023-04-21 07:44:10,rem,1
2138,2023-04-21 07:44:20,rem,1
2139,2023-04-21 07:44:30,rem,1
2140,2023-04-21 07:44:40,rem,1
2141,2023-04-21 07:44:50,rem,1
2142,2023-04-21 07:45:00,rem,1
2143,2023-04-21 07:45:10,rem,1
2144,2023-04-21 07:45:20,rem,1
2145,2023-04-21 07:45:30,rem,1
2146,2023-04-21 07:45:40,rem,1
2147,2023-04-21 07:45:50,rem,1
2148,2023-04-21 07:46:00,rem,1
2149,2023-04-21 07:46:10,rem,1
2150,2023-04-21 07:46:20,rem,1
2151,2023-04-21 07:46:30,rem,1
2152,2023-04-21 07:46:40,rem,1
2153,2023-04-21 07:46:50,rem,1
2154,2023-04-21 07:47:00,rem,1
2155,2023-04-21 07:47:10,rem,1
2156,2023-04-21 07:47:20,rem,1
2157,2023-04-21 07:47:30,rem,1
2158,2023-04-21 07:47:40,rem,1
2159,2023-04-21 07:47:50,rem,1
2160,2023-04-21 07:48:00,rem,1
2161,2023-04-21 07:48:10,rem,1
2162,2023-04-21 07:48:20,rem,1
2163,2023-04-21 07:48:30,rem,1
2164,2023-04-21 07:48:40,rem,1
2165,2023-04-21 07:48:50,rem,1
2166,2023-04-21 07:49:00,rem,1
2167,2023-04-21 07:49:10,rem,1
2168,2023-04-21 07:49:20,rem,1
2169,2023-04-21 07:49:30,rem,1
2170,2023-04-21 07:49:40,rem,1
2171,2023-04-21 07:49:50,rem,1
2172,2023-04-21 07:50:00,rem,1
2173,2023-04-21 07:50:10,rem,1
2174,2023-04-21 07:50:20,rem,1
2175,2023-04-21 07:50:30,rem,1
2176,2023-04-21 07:50:40,rem,1
2177,2023-04-21 07:50:50,rem,1
2178,2023-04-21 07:51:00,rem,1
2179,2023-04-21 07:51:10,rem,1
2180,2023-04-21 07:51:20,rem,1
2181,2023-04-21 07:51:30,rem,1
2182,2023-04-21 07:51:40,rem,1
2183,2023-04-21 07:51:50,rem,1
2184,2023-04-21 07:52:00,rem,1
2185,2023-04-21 07:52:10,rem,1
2186,2023-04-21 07:52:20,rem,1
2187,2023-04-21 07:52:30,rem,1
2188,2023-04-21 07:52:40,rem,1
2189,2023-04-21 07:52:50,rem,1
2190,2023-04-21 07:53:00,rem,1
2191,2023-04-21 07:53:10,rem,1
2192,2023-04-21 07:53:20,rem,1
2193,2023-04-21 07:53:30,rem,1
2194,2023-04-21 07:53:40,rem,1
2195,2023-04-21 07:53:50,rem,1
2196,2023-04-21 07:54:00,rem,1
2197,2023-04-21 07:54:10,rem,1
2198,2023-04-21 07:54:20,rem,1
2199,2023-04-21 07:54:30,rem,1
2200,2023-04-21 07:54:40,rem,1
2201,2023-04-21 07:54:50,rem,1
2202,2023-04-21 07:55:00,rem,1
2203,2023-04-21 07:55:10,rem,1
2204,2023-04-21 07:55:20,rem,1
2205,2023-04-21 07:55:30,rem,1
2206,2023-04-21 07:55:40,rem,1
2207,2023-04-21 07:55:50,rem,1
2208,2023-04-21 07:56:00,rem,1
2209,2023-04-21 07:56:10,rem,1
2210,2023-04-21 07:56:20,rem,1
2211,2023-04-21 07:56:30,rem,1
2212,2023-04-21 07:56:40,rem,1
2213,2023-04-21 07:56:50,rem,1
2214,2023-04-21 07:57:00,rem,1
2215,2023-04-21 07:57:10,rem,1
2216,2023-04-21 07:57:20,rem,1
2217,2023-04-21 07:57:30,rem,1
2218,2023-04-21 07:57:40,rem,1
2219,2023-04-21 07:57:50,rem,1
2220,2023-04-21 07:58:00,light,2
2221,2023-04-21 07:58:10,light,2
2222,2023-04-21 07:58:20,light,2
2223,2023-04-21 07:58:30,light,2
2224,2023-04-21 07:58:40,light,2
2225,2023-04-21 07:58:50,light,2
2226,2023-04-21 07:59:00,light,2
2227,2023-04-21 07:59:10,light,2
2228,2023-04-21 07:59:20,light,2
2229,2023-04-21 07:59:30,light,2
2230,2023-04-21 07:59:40,light,2
2231,2023-04-21 07:59:50,light,2
2232,2023-04-21 08:00:00,light,2
2233,2023-04-21 08:00:10,light,2
2234,2023-04-21 08:00:20,light,2
2235,2023-04-21 08:00:30,light,2
2236,2023-04-21 08:00:40,light,2
2237,2023-04-21 08:00:50,light,2
2238,2023-04-21 08:01:00,light,2
2239,2023-04-21 08:01:10,light,2
2240,2023-04-21 08:01:20,light,2
2241,2023-04-21 08:01:30,light,2
2242,2023-04-21 08:01:40,light,2
2243,2023-04-21 08:01:50,light,2
2244,2023-04-21 08:02:00,light,2
2245,2023-04-21 08:02:10,light,2
2246,2023-04-21 08:02:20,light,2
2247,2023-04-21 08:02:30,light,2
2248,2023-04-21 08:02:40,light,2
2249,2023-04-21 08:02:50,light,2
2250,2023-04-21 08:03:00,light,2
2251,2023-04-21 08:03:10,light,2
2252,2023-04-21 08:03:20,light,2
2253,2023-04-21 08:03:30,light,2
2254,2023-04-21 08:03:40,light,2
2255,2023-04-21 08:03:50,light,2
2256,2023-04-21 08:04:00,light,2
2257,2023-04-21 08:04:10,light,2
2258,2023-04-21 08:04:20,light,2
2259,2023-04-21 08:04:30,light,2
2260,2023-04-21 08:04:40,light,2
2261,2023-04-21 08:04:50,light,2
2262,2023-04-21 08:05:00,light,2
2263,2023-04-21 08:05:10,light,2
2264,2023-04-21 08:05:20,light,2
2265,2023-04-21 08:05:30,light,2
2266,2023-04-21 08:05:40,light,2
2267,2023-04-21 08:05:50,light,2
2268,2023-04-21 08:06:00,light,2
2269,2023-04-21 08:06:10,light,2
2270,2023-04-21 08:06:20,light,2
2271,2023-04-21 08:06:30,light,2
2272,2023-04-21 08:06:40,light,2
2273,2023-04-21 08:06:50,light,2
2274,2023-04-21 08:07:00,light,2
2275,2023-04-21 08:07:10,light,2
2276,2023-04-21 08:07:20,light,2
2277,2023-04-21 08:07:30,light,2
2278,2023-04-21 08:07:40,light,2
2279,2023-04-21 08:07:50,light,2
2280,2023-04-21 08:08:00,light,2
2281,2023-04-21 08:08:10,light,2
2282,2023-04-21 08:08:20,light,2
2283,2023-04-21 08:08:30,light,2
2284,2023-04-21 08:08:40,light,2
2285,2023-04-21 08:08:50,light,2
2286,2023-04-21 08:09:00,light,2
2287,2023-04-21 08:09:10,light,2
2288,2023-04-21 08:09:20,light,2
2289,2023-04-21 08:09:30,light,2
2290,2023-04-21 08:09:40,light,2
2291,2023-04-21 08:09:50,light,2
2292,2023-04-21 08:10:00,light,2
2293,2023-04-21 08:10:10,light,2
2294,2023-04-21 08:10:20,light,2
2295,2023-04-21 08:10:30,light,2
2296,2023-04-21 08:10:40,light,2
2297,2023-04-21 08:10:50,light,2
2298,2023-04-21 08:11:00,light,2
2299,2023-04-21 08:11:10,light,2
2300,2023-04-21 08:11:20,light,2
2301,2023-04-21 08:11:30,light,2
2302,2023-04-21 08:11:40,light,2
2303,2023-04-21 08:11:50,light,2
2304,2023-04-21 08:12:00,light,2
2305,2023-04-21 08:12:10,light,2
2306,2023-04-21 08:12:20,light,2
2307,2023-04-21 08:12:30,light,2
2308,2023-04-21 08:12:40,light,2
2309,2023-04-21 08:12:50,light,2
2310,2023-04-21 08:13:00,light,2
2311,2023-04-21 08:13:10,light,2
2312,2023-04-21 08:13:20,light,2
2313,2023-04-21 08:13:30,light,2
2314,2023-04-21 08:13:40,light,2
2315,2023-04-21 08:13:50,light,2
2316,2023-04-21 08:14:00,light,2
2317,2023-04-21 08:14:10,light,2
2318,2023-04-21 08:14:20,light,2
2319,2023-04-21 08:14:30,light,2
2320,2023-04-21 08:14:40,light,2
2321,2023-04-21 08:14:50,light,2
2322,2023-04-21 08:15:00,light,2
2323,2023-04-21 08:15:10,light,2
2324,2023-04-21 08:15:20,light,2
2325,2023-04-21 08:15:30,light,2
2326,2023-04-21 08:15:40,light,2
2327,2023-04-21 08:15:50,light,2
2328,2023-04-21 08:16:00,light,2
2329,2023-04-21 08:16:10,light,2
2330,2023-04-21 08:16:20,light,2
2331,2023-04-21 08:16:30,light,2
2332,2023-04-21 08:16:40,light,2
2333,2023-04-21 08:16:50,light,2
2334,2023-04-21 08:17:00,light,2
2335,2023-04-21 08:17:10,light,2
2336,2023-04-21 08:17:20,light,2
2337,2023-04-21 08:17:30,light,2
2338,2023-04-21 08:17:40,light,2
2339,2023-04-21 08:17:50,light,2
2340,2023-04-21 08:18:00,light,2
2341,2023-04-21 08:18:10,light,2
2342,2023-04-21 08:18:20,light,2
2343,2023-04-21 08:18:30,light,2
2344,2023-04-21 08:18:40,light,2
2345,2023-04-21 08:18:50,light,2
2346,2023-04-21 08:19:00,light,2
2347,2023-04-21 08:19:10,light,2
2348,2023-04-21 08:19:20,light,2
2349,2023-04-21 08:19:30,light,2
2350,2023-04-21 08:19:40,light,2
2351,2023-04-21 08:19:50,light,2
2352,2023-04-21 08:20:00,light,2
2353,2023-04-21 08:20:10,light,2
2354,2023-04-21 08:20:20,light,2
2355,2023-04-21 08:20:30,wake,0
2356,2023-04-21 08:20:40,wake,0
2357,2023-04-21 08:20:50,wake,0
2358,2023-04-21 08:21:00,wake,0
2359,2023-04-21 08:21:10,wake,0
2360,2023-04-21 08:21:20,wake,0
2361,2023-04-21 08:21:30,wake,0
2362,2023-04-21 08:21:40,wake,0
2363,2023-04-21 08:21:50,wake,0
2364,2023-04-21 08:22:00,wake,0
2365,2023-04-21 08:22:10,wake,0
2366,2023-04-21 08:22:20,wake,0
2367,2023-04-21 08:22:30,wake,0
2368,2023-04-21 08:22:40,wake,0
2369,2023-04-21 08:22:50,wake,0
2370,2023-04-21 08:23:00,wake,0
2371,2023-04-21 08:23:10,wake,0
2372,2023-04-21 08:23:20,wake,0
2373,2023-04-21 08:23:30,wake,0
2374,2023-04-21 08:23:40,wake,0
2375,2023-04-21 08:23:50,wake,0
2376,2023-04-21 08:24:00,light,2
2377,2023-04-21 08:24:10,light,2
2378,2023-04-21 08:24:20,light,2
2379,2023-04-21 08:24:30,light,2
2380,2023-04-21 08:24:40,light,2
2381,2023-04-21 08:24:50,light,2
2382,2023-04-21 08:25:00,light,2
2383,2023-04-21 08:25:10,light,2
2384,2023-04-21 08:25:20,light,2
2385,2023-04-21 08:25:30,light,2
2386,2023-04-21 08:25:40,light,2
2387,2023-04-21 08:25:50,light,2
2388,2023-04-21 08:26:00,light,2
2389,2023-04-21 08:26:10,light,2
2390,2023-04-21 08:26:20,light,2
2391,2023-04-21 08:26:30,light,2
2392,2023-04-21 08:26:40,light,2
2393,2023-04-21 08:26:50,light,2
2394,2023-04-21 08:27:00,light,2
2395,2023-04-21 08:27:10,light,2
2396,2023-04-21 08:27:20,light,2
2397,2023-04-21 08:27:30,light,2
2398,2023-04-21 08:27:40,light,2
2399,2023-04-21 08:27:50,light,2
2400,2023-04-21 08:28:00,light,2
2401,2023-04-21 08:28:10,light,2
2402,2023-04-21 08:28:20,light,2
2403,2023-04-21 08:28:30,light,2
2404,2023-04-21 08:28:40,light,2
2405,2023-04-21 08:28:50,light,2
2406,2023-04-21 08:29:00,light,2
2407,2023-04-21 08:29:10,light,2
2408,2023-04-21 08:29:20,light,2
2409,2023-04-21 08:29:30,light,2
2410,2023-04-21 08:29:40,light,2
2411,2023-04-21 08:29:50,light,2
2412,2023-04-21 08:30:00,light,2
2413,2023-04-21 08:30:10,light,2
2414,2023-04-21 08:30:20,light,2
2415,2023-04-21 08:30:30,light,2
2416,2023-04-21 08:30:40,light,2
2417,2023-04-21 08:30:50,light,2
2418,2023-04-21 08:31:00,light,2
2419,2023-04-21 08:31:10,light,2
2420,2023-04-21 08:31:20,light,2
2421,2023-04-21 08:31:30,deep,3
2422,2023-04-21 08:31:40,deep,3
2423,2023-04-21 08:31:50,deep,3
2424,2023-04-21 08:32:00,deep,3
2425,2023-04-21 08:32:10,deep,3
2426,2023-04-21 08:32:20,deep,3
